a-a-milne_the-house-at-pooh-corner	73011
a-a-milne_the-red-house-mystery	1872
a-e-w-mason_at-the-villa-rose	4745
a-e-w-mason_the-four-feathers	18883
a-merritt_the-moon-pool	765
a-n-afanasyev_russian-folktales_leonard-a-magnus	62509
a-p-herbert_the-house-by-the-river	41791
a-w-tozer_the-pursuit-of-god	25141
abu-al-ala-al-maarri_the-luzumiyat_ameen-rihani	50457
adam-smith_the-theory-of-moral-sentiments	58559
aeschylus_agamemnon_gilbert-murray	14417
aesop_fables_v-s-vernon-jones	11339
agatha-christie_partners-in-crime	78342
agatha-christie_poirot-investigates	61262
agatha-christie_the-man-in-the-brown-suit	61168
agatha-christie_the-mysterious-affair-at-styles	863
agatha-christie_the-secret-adversary	1155
agatha-christie_the-secret-of-chimneys	65238
akutagawa-ryunosuke_short-fiction_various-translators	78105
alain-rene-lesage_gil-blas_tobias-smollett	66677
alain-rene-lesage_gil-blas_tobias-smollett	66678
alain-rene-lesage_gil-blas_tobias-smollett	66679
alan-sullivan_the-jade-god	65559
aldous-huxley_antic-hay	60483
aldous-huxley_crome-yellow	1999
aleksandr-kuprin_short-fiction_various-translators	58406
aleksandr-kuprin_short-fiction_various-translators	57036
aleksandr-kuprin_short-fiction_various-translators	33444
aleksandr-kuprin_the-duel_george-allen-unwin	44117
aleksandr-kuprin_yama_bernard-guilbert-guerney	4706
alexander-hamilton_john-jay_james-madison_the-federalist-papers	1404
alexander-mackenzie_journals	35658
alexander-pushkin_eugene-onegin_henry-spalding	23997
alexandre-dumas_the-black-tulip_p-f-collier-and-son	965
alexandre-dumas_the-count-of-monte-cristo_chapman-and-hall	1184
alexandre-dumas_the-three-musketeers_william-robson	1257
alexandre-dumas_the-vicomte-de-bragelonne_george-routledge-and-co	2609
alexandre-dumas_the-vicomte-de-bragelonne_george-routledge-and-co	2681
alexandre-dumas_the-vicomte-de-bragelonne_george-routledge-and-co	2710
alexandre-dumas_the-vicomte-de-bragelonne_george-routledge-and-co	2759
alexandre-dumas_the-wolf-leader_alfred-allinson	51054
alexandre-dumas_twenty-years-after_estes-and-lauriat	1259
alfred-lord-tennyson_idylls-of-the-king	610
algernon-blackwood_john-silence-stories	10624
algernon-blackwood_john-silence-stories	10659
algis-budrys_short-fiction	34420
algis-budrys_short-fiction	68674
algis-budrys_short-fiction	68529
algis-budrys_short-fiction	40968
algis-budrys_short-fiction	26191
algis-budrys_short-fiction	30828
algis-budrys_short-fiction	22967
algis-budrys_short-fiction	51726
algis-budrys_short-fiction	51589
algis-budrys_short-fiction	61389
ambrose-bierce_can-such-things-be	4366
ambrose-bierce_in-the-midst-of-life	13334
ambrose-bierce_poetry	4793
ambrose-bierce_poetry	12658
ambrose-bierce_poetry	12977
ambrose-bierce_poetry	15599
ambrose-bierce_the-devils-dictionary	972
ameen-rihani_the-book-of-khalid	29257
anatole-france_penguin-island_a-w-evans	1930
anatole-france_the-revolt-of-the-angels_emilie-jackson	32596
andre-gide_the-counterfeiters_dorothy-bussy	76965
andre-norton_key-out-of-time	19651
andre-norton_plague-ship	16921
andre-norton_ralestone-luck	18817
andre-norton_short-fiction	30960
andre-norton_short-fiction	19029
andre-norton_short-fiction	29019
andre-norton_star-born	18458
andre-norton_star-hunter	19090
andre-norton_storm-over-warlock	20788
andre-norton_the-defiant-agents	25550
andre-norton_the-time-traders	19145
andre-norton_voodoo-planet	18846
angela-brazil_a-popular-schoolgirl	18505
anita-loos_gentlemen-prefer-blondes	66829
ann-radcliffe_a-sicilian-romance	7371
ann-radcliffe_the-mysteries-of-udolpho	3268
anna-julia-cooper_a-voice-from-the-south	61741
anna-katharine-green_a-strange-disappearance	1167
anna-katharine-green_hand-and-ring	31681
anna-katharine-green_lost-mans-lane	33305
anna-katharine-green_that-affair-next-door	21617
anna-katharine-green_the-leavenworth-case	4047
anna-katharine-green_the-sword-of-damocles	33301
anna-sewell_black-beauty	271
anne-bronte_agnes-grey	767
anne-bronte_the-tenant-of-wildfell-hall	969
anonymous_barlaam-and-ioasaph_george-ratcliffe-woodward_harold-mattingly	749
anonymous_beowulf_john-lesslie-hall	16328
anonymous_gudrun_mary-pickering-nichols	46109
anonymous_the-life-of-lazarillo-de-tormes_clements-markham	53489
anonymous_the-pearl_sophie-jewett	13211
anthony-berkeley_the-layton-court-mystery	72883
anthony-berkeley_the-poisoned-chocolates-case	75476
anthony-hope_the-prisoner-of-zenda	95
anthony-trollope_barchester-towers	3409
anthony-trollope_can-you-forgive-her	19500
anthony-trollope_cousin-henry	24103
anthony-trollope_doctor-thorne	3166
anthony-trollope_dr-wortles-school	21847
anthony-trollope_framley-parsonage	2860
anthony-trollope_harry-heathcote-of-gangoil	5642
anthony-trollope_he-knew-he-was-right	5140
anthony-trollope_orley-farm	23000
anthony-trollope_phineas-finn	18000
anthony-trollope_phineas-redux	18640
anthony-trollope_rachel-ray	34000
anthony-trollope_short-fiction	55147
anthony-trollope_short-fiction	54424
anthony-trollope_short-fiction	54783
anthony-trollope_short-fiction	55212
anthony-trollope_the-american-senator	5118
anthony-trollope_the-claverings	15766
anthony-trollope_the-dukes-children	3622
anthony-trollope_the-eustace-diamonds	7381
anthony-trollope_the-last-chronicle-of-barset	3045
anthony-trollope_the-prime-minister	2158
anthony-trollope_the-small-house-at-allington	4599
anthony-trollope_the-vicar-of-bullhampton	26541
anthony-trollope_the-warden	619
anthony-trollope_the-way-we-live-now	5231
anton-chekhov_short-fiction_constance-garnett	13416
anton-chekhov_short-fiction_constance-garnett	13505
anton-chekhov_short-fiction_constance-garnett	13415
anton-chekhov_short-fiction_constance-garnett	13413
anton-chekhov_short-fiction_constance-garnett	1883
anton-chekhov_short-fiction_constance-garnett	1944
anton-chekhov_short-fiction_constance-garnett	13419
anton-chekhov_short-fiction_constance-garnett	13418
anton-chekhov_short-fiction_constance-garnett	1732
anton-chekhov_short-fiction_constance-garnett	13409
anton-chekhov_short-fiction_constance-garnett	13412
anton-chekhov_short-fiction_constance-garnett	13417
anton-chekhov_short-fiction_constance-garnett	13414
anton-chekhov_the-duel_constance-garnett	13505
anton-chekhov_three-sisters_julius-west	7986
apollonius-of-rhodes_the-argonautica_arthur-s-way	64235
apsley-cherry-garrard_the-worst-journey-in-the-world	14363
apuleius_the-golden-ass_william-adlington	1666
archibald-alexander_a-day-at-a-time	39309
aristophanes_the-birds_the-athenian-society	3013
arnold-bennett_anna-of-the-five-towns	35505
arnold-bennett_riceyman-steps	58666
arnold-bennett_the-grand-babylon-hotel	2813
arnold-bennett_the-old-wives-tale	5247
arthur-b-reeve_craig-kennedy-stories	2454
arthur-conan-doyle_a-study-in-scarlet	244
arthur-conan-doyle_his-last-bow	2343
arthur-conan-doyle_his-last-bow	2345
arthur-conan-doyle_his-last-bow	2346
arthur-conan-doyle_his-last-bow	2347
arthur-conan-doyle_his-last-bow	2348
arthur-conan-doyle_his-last-bow	2349
arthur-conan-doyle_his-last-bow	2350
arthur-conan-doyle_the-adventures-of-sherlock-holmes	1661
arthur-conan-doyle_the-hound-of-the-baskervilles	2852
arthur-conan-doyle_the-lost-world	139
arthur-conan-doyle_the-memoirs-of-sherlock-holmes	834
arthur-conan-doyle_the-return-of-sherlock-holmes	108
arthur-conan-doyle_the-sign-of-the-four	2097
arthur-conan-doyle_the-valley-of-fear	3776
arthur-conan-doyle_the-white-company	903
arthur-machen_short-fiction	14044
arthur-machen_short-fiction	25016
arthur-machen_short-fiction	35611
arthur-machen_short-fiction	35617
arthur-machen_the-hill-of-dreams	13969
arthur-machen_the-secret-glory	35637
arthur-machen_the-three-impostors	35517
arthur-quiller-couch_on-the-art-of-reading	16579
arthur-quiller-couch_on-the-art-of-writing	17470
arthur-quiller-couch_the-splendid-spur	6437
arthur-w-pinero_the-second-mrs-tanqueray	40736
august-strindberg_the-inferno_claud-field	44108
august-strindberg_the-red-room_ellie-schleussner	37039
auguste-comte_a-general-view-of-positivism_j-h-bridges	53799
augustine-of-hippo_the-city-of-god_marcus-dods_george-wilson_j-j-smith	45304
augustine-of-hippo_the-city-of-god_marcus-dods_george-wilson_j-j-smith	45305
banjo-paterson_an-outback-marriage	6119
baroness-orczy_el-dorado	1752
baroness-orczy_i-will-repay	5090
baroness-orczy_lord-tonys-wife	35117
baroness-orczy_the-elusive-pimpernel	2785
baroness-orczy_the-laughing-cavalier	33208
baroness-orczy_the-league-of-the-scarlet-pimpernel	5805
baroness-orczy_the-old-man-in-the-corner	10556
baroness-orczy_the-scarlet-pimpernel	60
barry-goldwater_the-conscience-of-a-conservative	74319
beatrix-potter_short-fiction	14838
beatrix-potter_short-fiction	14872
beatrix-potter_short-fiction	14868
beatrix-potter_short-fiction	14407
beatrix-potter_short-fiction	45264
beatrix-potter_short-fiction	15137
beatrix-potter_short-fiction	15234
beatrix-potter_short-fiction	15077
beatrix-potter_short-fiction	45265
beatrix-potter_short-fiction	14848
beatrix-potter_short-fiction	14837
beatrix-potter_short-fiction	14814
beatrix-potter_short-fiction	15575
beatrix-potter_short-fiction	14220
beatrix-potter_short-fiction	14877
beatrix-potter_short-fiction	17089
beatrix-potter_short-fiction	14797
beatrix-potter_short-fiction	19805
beatrix-potter_short-fiction	582
beatrix-potter_short-fiction	15284
ben-jonson_the-alchemist	4081
benito-perez-galdos_saragossa_minna-caroline-smith	47769
benito-perez-galdos_trafalgar_clara-bell	47980
benjamin-disraeli_sybil	3760
benjamin-franklin_the-autobiography-of-benjamin-franklin	20203
bertha-von-suttner_lay-down-your-arms_t-holmes	49294
bertrand-russell_roads-to-freedom	690
bertrand-russell_the-practice-and-theory-of-bolshevism	17350
bertrand-russell_the-problems-of-philosophy	5827
black-hawk_the-autobiography-of-ma-ka-tai-me-she-kia-kiak-or-black-hawk	7097
boethius_the-consolation-of-philosophy_h-r-james	14328
booker-t-washington_up-from-slavery	2376
booth-tarkington_alice-adams	980
booth-tarkington_national-avenue	58870
booth-tarkington_the-magnificent-ambersons	8867
booth-tarkington_the-turmoil	1098
bram-stoker_dracula	345
c-e-montague_disenchantment	60332
c-j-cutcliffe-hyne_the-lost-continent	285
c-kay-scott_blind-mice	76357
c-s-lewis_poetry	2003
camille-flammarion_omega_j-b-walker	57489
captain-charles-johnson_a-general-history-of-the-pirates	40580
carey-rockwell_stand-by-for-mars	19526
carlo-collodi_the-adventures-of-pinocchio	16865
carolyn-wells_the-clue	54869
catherine-louisa-pirkis_short-fiction	65012
charles-a-lindbergh_we	73142
charles-babbage_passages-from-the-life-of-a-philosopher	57532
charles-beaumont_short-fiction	67341
charles-beaumont_short-fiction	36258
charles-beaumont_short-fiction	32819
charles-brockden-brown_wieland	792
charles-darwin_the-origin-of-species	2009
charles-darwin_the-voyage-of-the-beagle	944
charles-dickens_a-christmas-carol	24022
charles-dickens_a-tale-of-two-cities	98
charles-dickens_barnaby-rudge	917
charles-dickens_bleak-house	1023
charles-dickens_david-copperfield	766
charles-dickens_dombey-and-son	821
charles-dickens_great-expectations	1400
charles-dickens_hard-times	786
charles-dickens_little-dorrit	963
charles-dickens_martin-chuzzlewit	968
charles-dickens_nicholas-nickleby	967
charles-dickens_oliver-twist	730
charles-dickens_our-mutual-friend	883
charles-dickens_the-mystery-of-edwin-drood	564
charles-dickens_the-old-curiosity-shop	700
charles-dickens_the-pickwick-papers	580
charles-kingsley_hypatia	6308
charles-kingsley_the-water-babies	25564
charles-robert-maturin_melmoth-the-wanderer	53685
charles-robert-maturin_melmoth-the-wanderer	53686
charles-robert-maturin_melmoth-the-wanderer	53687
charles-robert-maturin_melmoth-the-wanderer	53688
charles-w-chesnutt_the-conjure-woman	11666
charles-w-chesnutt_the-marrow-of-tradition	11228
charlotte-bronte_jane-eyre	1260
charlotte-bronte_shirley	30486
charlotte-bronte_villette	9182
charlotte-m-yonge_the-clever-woman-of-the-family	3292
charlotte-perkins-gilman_herland	32
charlotte-perkins-gilman_moving-the-mountain	66864
charlotte-perkins-gilman_women-and-economics	57913
christopher-marlowe_edward-ii	20288
christopher-marlowe_the-jew-of-malta	901
christopher-marlowe_the-tragical-history-of-doctor-faustus	779
christopher-morley_parnassus-on-wheels	5311
christopher-morley_the-haunted-bookshop	172
cicely-hamilton_theodore-savage	65848
cicely-hamilton_william-an-englishman	53032
cicero_tusculan-disputations_c-d-yonge	14988
clara-reeve_the-old-english-baron	5182
clifford-d-simak_short-fiction	27013
clifford-d-simak_short-fiction	22218
clifford-d-simak_short-fiction	62357
clifford-d-simak_short-fiction	63046
clifford-d-simak_short-fiction	63130
clifford-d-simak_short-fiction	69308
clifford-d-simak_short-fiction	51037
clifford-d-simak_short-fiction	22216
clifford-d-simak_short-fiction	32026
clifford-d-simak_short-fiction	61333
compton-mackenzie_sinister-street	33797
compton-mackenzie_sinister-street	33798
confucius_analects_james-legge	3330
constance-holme_the-splendid-fairing	40545
cordwainer-smith_short-fiction	74098
cordwainer-smith_short-fiction	73886
cordwainer-smith_short-fiction	29614
d-h-lawrence_lady-chatterleys-lover	73144
d-h-lawrence_sons-and-lovers	217
d-h-lawrence_the-lost-girl	23727
d-h-lawrence_the-rainbow	28948
d-h-lawrence_women-in-love	4240
d-l-moody_the-way-to-god-and-how-to-find-it	30449
daisy-ashford_the-young-visiters	21415
daniel-defoe_a-journal-of-the-plague-year	376
daniel-defoe_moll-flanders	370
daniel-defoe_the-life-and-adventures-of-robinson-crusoe	521
dante-alighieri_the-divine-comedy_henry-wadsworth-longfellow	1004
david-garnett_lady-into-fox	10337
david-hume_a-treatise-of-human-nature	4705
david-hume_an-enquiry-concerning-human-understanding	9662
david-lindsay_a-voyage-to-arcturus	1329
david-park-barnitz_the-book-of-jade	46827
denis-diderot_the-indiscreet-jewels_r-freeman	54672
diogenes-laertius_the-lives-and-opinions-of-eminent-philosophers_c-d-yonge	57342
dorothy-canfield-fisher_the-homemaker	72140
dorothy-canfield-fisher_understood-betsy	5347
dorothy-l-sayers_robert-eustace_the-documents-in-the-case	77601
dorothy-l-sayers_whose-body	58820
dorothy-m-richardson_backwater	56221
dorothy-m-richardson_deadlock	56925
dorothy-m-richardson_honeycomb	56664
dorothy-m-richardson_interim	57395
dorothy-m-richardson_pointed-roofs	3019
dorothy-m-richardson_revolving-lights	62967
dorothy-m-richardson_the-tunnel	56447
e-c-bentley_trents-last-case	2568
e-e-cummings_the-enormous-room	8446
e-e-smith_first-lensman	49525
e-e-smith_the-skylark-of-space	20869
e-e-smith_triplanetary	32706
e-f-benson_ghost-stories	72421
e-f-benson_ghost-stories	60339
e-f-knight_the-cruise-of-the-alerte	38891
e-m-forster_a-passage-to-india	61221
e-m-forster_a-room-with-a-view	2641
e-m-forster_aspects-of-the-novel	70492
e-m-forster_howards-end	2946
e-m-forster_short-fiction	34089
e-m-forster_short-fiction	72890
e-m-forster_where-angels-fear-to-tread	2948
e-nesbit_five-children-and-it	778
e-nesbit_hardings-luck	28725
e-nesbit_the-enchanted-castle	3536
e-nesbit_the-house-of-arden	57799
e-nesbit_the-magic-city	20606
e-nesbit_the-phoenix-and-the-carpet	836
e-nesbit_the-railway-children	1874
e-nesbit_the-story-of-the-amulet	837
e-nesbit_the-story-of-the-treasure-seekers	770
e-nesbit_wet-magic	50361
e-pauline-johnson_legends-of-vancouver	3478
e-phillips-oppenheim_the-great-impersonation	5815
e-r-eddison_the-worm-ouroboros	67090
e-t-a-hoffmann_master-flea_george-soane	32223
e-w-hornung_a-thief-in-the-night	2098
e-w-hornung_the-amateur-cracksman	706
e-w-hornung_the-black-mask	707
edgar-allan-poe_poetry	2151
edgar-allan-poe_short-fiction	25525
edgar-allan-poe_the-narrative-of-arthur-gordon-pym-of-nantucket	2149
edgar-rice-burroughs_a-princess-of-mars	62
edgar-rice-burroughs_at-the-earths-core	123
edgar-rice-burroughs_beyond-thirty	149
edgar-rice-burroughs_jungle-tales-of-tarzan	106
edgar-rice-burroughs_pellucidar	605
edgar-rice-burroughs_pirates-of-venus	70195
edgar-rice-burroughs_tarzan-and-the-ant-men	61837
edgar-rice-burroughs_tarzan-and-the-golden-lion	58874
edgar-rice-burroughs_tarzan-and-the-jewels-of-opar	92
edgar-rice-burroughs_tarzan-lord-of-the-jungle	72938
edgar-rice-burroughs_tarzan-of-the-apes	78
edgar-rice-burroughs_tarzan-the-terrible	2020
edgar-rice-burroughs_tarzan-the-untamed	1401
edgar-rice-burroughs_the-beasts-of-tarzan	85
edgar-rice-burroughs_the-chessmen-of-mars	1153
edgar-rice-burroughs_the-gods-of-mars	64
edgar-rice-burroughs_the-land-that-time-forgot	551
edgar-rice-burroughs_the-land-that-time-forgot	552
edgar-rice-burroughs_the-land-that-time-forgot	553
edgar-rice-burroughs_the-master-mind-of-mars	69703
edgar-rice-burroughs_the-moon-maid	69338
edgar-rice-burroughs_the-mucker	331
edgar-rice-burroughs_the-outlaw-of-torn	369
edgar-rice-burroughs_the-return-of-tarzan	81
edgar-rice-burroughs_the-son-of-tarzan	90
edgar-rice-burroughs_the-warlord-of-mars	68
edgar-rice-burroughs_thuvia-maid-of-mars	72
edgar-saltus_mr-incouls-misadventure	47061
edgar-saltus_short-fiction	31924
edgar-saltus_short-fiction	34401
edgar-saltus_short-fiction	33123
edgar-saltus_short-fiction	31510
edgar-saltus_the-monster	47654
edgar-saltus_the-perfume-of-eros	33207
edgar-saltus_the-truth-about-tristrem-varick	33099
edgar-wallace_kate-plus-10	76212
edgar-wallace_the-avenger	69788
edgar-wallace_the-clue-of-the-new-pin	70882
edgar-wallace_the-clue-of-the-twisted-candle	2688
edgar-wallace_the-crimson-circle	76257
edgar-wallace_the-man-who-knew	24933
edgar-wallace_the-secret-house	26176
edison-marshall_shepherds-of-the-wild	67764
edith-wharton_ethan-frome	4517
edith-wharton_summer	166
edith-wharton_the-age-of-innocence	541
edith-wharton_the-house-of-mirth	284
edmond-de-goncourt_jules-de-goncourt_germinie-lacerteux_john-chestershire	27711
edna-ferber_so-big	61686
edward-bellamy_looking-backward	25439
edward-bulwer-lytton_the-coming-race	1951
edward-eggleston_the-hoosier-schoolmaster	15099
edward-gibbon_the-history-of-the-decline-and-fall-of-the-roman-empire	25717
edward-lear_nonsense-books	13650
edward-noyes-westcott_david-harum	17617
edward-payson-roe_barriers-burned-away	6627
edward-payson-roe_driven-back-to-eden	5269
edward-thomas_poetry	22423
edward-thomas_poetry	22732
edwin-a-abbott_flatland	201
eleanor-h-porter_pollyanna-grows-up	6100
eleanor-h-porter_pollyanna	1450
elias-lonnrot_the-kalevala_john-martin-crawford	5186
elizabeth-barrett-browning_sonnets-from-the-portuguese	2002
elizabeth-gaskell_cranford	394
elizabeth-gaskell_north-and-south	4276
elizabeth-von-arnim_elizabeth-and-her-german-garden	1327
elizabeth-von-arnim_the-enchanted-april	16389
ella-cheever-thayer_wired-love	24353
ellery-queen_the-roman-hat-mystery	76339
ellis-parker-butler_jibby-jones	76547
emile-gaboriau_file-no-113_james-r-osgood-co	3803
emile-gaboriau_monsieur-lecoq_laura-e-kendall	4071
emile-gaboriau_monsieur-lecoq_laura-e-kendall	4002
emile-gaboriau_the-lerouge-case_vizetelly-and-company	3802
emile-gaboriau_the-mystery-of-orcival_holt-williams	1651
emile-gaboriau_the-slaves-of-paris_charles-scribners-sons	2451
emile-gaboriau_the-slaves-of-paris_charles-scribners-sons	2736
emile-zola_germinal_havelock-ellis	56528
emile-zola_his-masterpiece_ernest-alfred-vizetelly	15900
emily-bronte_wuthering-heights	768
emma-goldman_my-disillusionment-in-russia	60315
ernest-bramah_kai-lungs-golden-hours	1267
ernest-hemingway_short-fiction	59603
ernest-howard-crosby_captain-jinks-hero	19353
ernest-poole_his-family	14396
ernest-shackleton_south	5199
ernest-thompson-seton_wild-animals-i-have-known	3031
errico-malatesta_essays_various-translators	40365
erskine-childers_the-riddle-of-the-sands	2360
ethel-voynich_the-gadfly	3431
eugene-oneill_the-hairy-ape	4015
evelyn-underhill_practical-mysticism	21774
f-marion-crawford_khaled	34959
f-scott-fitzgerald_short-fiction	4368
f-scott-fitzgerald_short-fiction	6695
f-scott-fitzgerald_short-fiction	68229
f-scott-fitzgerald_the-beautiful-and-damned	9830
f-scott-fitzgerald_this-side-of-paradise	805
fanny-burney_evelina	6053
felix-salten_bambi_whittaker-chambers	72577
fergus-hume_the-mystery-of-a-hansom-cab	4223
fernando-pessoa_poetry	19978
fernando-pessoa_poetry	66039
fernando-pessoa_poetry	66040
ford-madox-ford_privy-seal	26698
ford-madox-ford_the-fifth-queen-crowned	27432
ford-madox-ford_the-fifth-queen	30188
ford-madox-ford_the-good-soldier	2775
frances-ellen-watkins-harper_iola-leroy	12352
frances-ellen-watkins-harper_poetry	69249
frances-ellen-watkins-harper_poetry	69248
frances-hodgson-burnett_a-little-princess	37332
frances-hodgson-burnett_little-lord-fauntleroy	479
frances-hodgson-burnett_the-secret-garden	17396
francis-la-flesche_the-middle-five	62094
francisco-de-quevedo_pablo-de-segovia-the-spanish-sharper_pedro-pineda	46125
frank-belknap-long_short-fiction	73575
frank-belknap-long_short-fiction	73604
frank-belknap-long_short-fiction	64820
frank-belknap-long_short-fiction	24151
frank-belknap-long_short-fiction	62034
frank-belknap-long_short-fiction	68836
frank-belknap-long_short-fiction	63838
frank-belknap-long_short-fiction	70403
frank-belknap-long_short-fiction	23568
frank-belknap-long_short-fiction	64072
frank-belknap-long_short-fiction	64072
frank-belknap-long_short-fiction	72517
frank-belknap-long_short-fiction	29432
frank-belknap-long_short-fiction	29418
frank-belknap-long_short-fiction	28583
frank-belknap-long_short-fiction	73326
frank-belknap-long_short-fiction	74074
frank-belknap-long_short-fiction	74288
frank-belknap-long_short-fiction	78072
frank-belknap-long_short-fiction	77664
frank-belknap-long_short-fiction	79339
frank-hamilton-cushing_zuni-folktales	54682
frank-norris_mcteague	165
frank-norris_the-octopus	268
frank-norris_the-pit	4382
franklin-w-dixon_hunting-for-hidden-gold	72958
franklin-w-dixon_the-great-airport-mystery	77595
franklin-w-dixon_the-house-on-the-cliff	69988
franklin-w-dixon_the-missing-chums	72840
franklin-w-dixon_the-mystery-of-cabin-island	75012
franklin-w-dixon_the-secret-of-the-old-mill	70236
franklin-w-dixon_the-shore-road-mystery	73102
franklin-w-dixon_the-tower-treasure	70083
fred-m-white_the-midnight-guest	56960
frederic-mistral_mireio_harriet-waters-preston	56008
frederick-douglass_narrative-of-the-life-of-frederick-douglass	23
frederick-rolfe_hadrian-the-seventh	67369
frederik-pohl_c-m-kornbluth_search-the-sky	52228
frederik-pohl_plague-of-pythons	51804
frederik-pohl_short-fiction	30399
frederik-pohl_short-fiction	63304
frederik-pohl_short-fiction	29503
frederik-pohl_short-fiction	67343
frederik-pohl_short-fiction	62168
frederik-pohl_short-fiction	64631
frederik-pohl_short-fiction	22559
frederik-pohl_short-fiction	62476
frederik-pohl_short-fiction	31979
frederik-pohl_short-fiction	61380
frederik-pohl_short-fiction	51809
frederik-pohl_short-fiction	51310
frederik-pohl_short-fiction	32004
frederik-pohl_short-fiction	51845
freeman-wills-crofts_inspector-frenchs-greatest-case	65553
freeman-wills-crofts_the-box-office-murders	75488
freeman-wills-crofts_the-cask	59854
freeman-wills-crofts_the-cheyne-mystery	72986
freeman-wills-crofts_the-pit-prop-syndicate	2013
freeman-wills-crofts_the-ponson-case	72235
freeman-wills-crofts_the-sea-mystery	72771
freeman-wills-crofts_the-starvel-hollow-tragedy	71073
friedrich-engels_the-condition-of-the-working-class-in-england_florence-kelley-wischnewetzky	17306
friedrich-nietzsche_beyond-good-and-evil_helen-zimmern	4363
friedrich-nietzsche_the-genealogy-of-morals_horace-b-samuel	52319
friedrich-nietzsche_thus-spake-zarathustra_thomas-common	1998
friedrich-spielhagen_the-breaking-of-the-storm_s-e-a-h-stephenson	34657
friedrich-spielhagen_the-breaking-of-the-storm_s-e-a-h-stephenson	34658
friedrich-spielhagen_the-breaking-of-the-storm_s-e-a-h-stephenson	34659
fritz-leiber_short-fiction	50753
fritz-leiber_short-fiction	51082
fritz-leiber_short-fiction	51101
fritz-leiber_short-fiction	51152
fritz-leiber_short-fiction	51461
fritz-leiber_short-fiction	51353
fritz-leiber_short-fiction	29662
fritz-leiber_short-fiction	50905
fritz-leiber_short-fiction	50819
fritz-leiber_short-fiction	68374
fritz-leiber_short-fiction	51380
fritz-leiber_short-fiction	29504
fritz-leiber_short-fiction	22579
fritz-leiber_short-fiction	51530
fritz-leiber_short-fiction	51436
fritz-leiber_short-fiction	60664
fritz-leiber_short-fiction	25024
fritz-leiber_short-fiction	51493
fritz-leiber_short-fiction	51549
fritz-leiber_short-fiction	61213
fritz-leiber_short-fiction	61243
fritz-leiber_short-fiction	23164
fritz-leiber_short-fiction	52776
fritz-leiber_short-fiction	53042
fritz-leiber_short-fiction	23162
fritz-leiber_the-big-time	32256
fyodor-dostoevsky_crime-and-punishment_constance-garnett	2554
fyodor-dostoevsky_demons_constance-garnett	8117
fyodor-dostoevsky_notes-from-underground_constance-garnett	600
fyodor-dostoevsky_poor-folk_c-j-hogarth	2302
fyodor-dostoevsky_the-brothers-karamazov_constance-garnett	28054
fyodor-dostoevsky_the-gambler_c-j-hogarth	2197
fyodor-dostoevsky_the-idiot_eva-m-martin	2638
fyodor-sologub_short-fiction_various-translators	48452
fyodor-sologub_the-created-legend_john-cournos	7480
fyodor-sologub_the-little-demon_john-cournos_richard-aldington	48912
g-a-henty_beric-the-briton	7037
g-d-h-cole_the-brooklyn-murders	73716
g-e-moore_principia-ethica	53430
g-k-chesterton_heretics	470
g-k-chesterton_manalive	1718
g-k-chesterton_orthodoxy	16769
g-k-chesterton_the-club-of-queer-trades	1696
g-k-chesterton_the-everlasting-man	65688
g-k-chesterton_the-innocence-of-father-brown	204
g-k-chesterton_the-man-who-was-thursday	1695
g-k-chesterton_the-napoleon-of-notting-hill	20058
g-k-chesterton_the-wisdom-of-father-brown	223
g-k-chesterton_whats-wrong-with-the-world	1717
gaston-leroux_the-phantom-of-the-opera_alexander-teixeira-de-mattos	175
gene-stratton-porter_freckles	111
geoffrey-chaucer_the-canterbury-tales	2383
george-barr-mccutcheon_brewsters-millions	4709
george-bernard-shaw_arms-and-the-man	3618
george-bernard-shaw_back-to-methuselah	13084
george-bernard-shaw_candida	4023
george-bernard-shaw_fannys-first-play	5698
george-bernard-shaw_getting-married	5604
george-bernard-shaw_heartbreak-house	3543
george-bernard-shaw_major-barbara	3790
george-bernard-shaw_major-barbara	3789
george-bernard-shaw_man-and-superman	3328
george-bernard-shaw_misalliance	943
george-bernard-shaw_mrs-warrens-profession	1097
george-bernard-shaw_pygmalion	3825
george-bernard-shaw_saint-joan	76323
george-bernard-shaw_short-plays	33085
george-bernard-shaw_short-plays	3544
george-bernard-shaw_short-plays	5722
george-bernard-shaw_short-plays	5723
george-bernard-shaw_short-plays	1050
george-bernard-shaw_short-plays	3830
george-bernard-shaw_short-plays	3488
george-bernard-shaw_short-plays	3486
george-bernard-shaw_short-plays	3487
george-bernard-shaw_short-plays	3484
george-bernard-shaw_short-plays	3485
george-bernard-shaw_the-doctors-dilemma	5069
george-bernard-shaw_the-doctors-dilemma	5070
george-bernard-shaw_the-man-of-destiny	4024
george-bernard-shaw_you-never-can-tell	2175
george-borrow_lavengro	23287
george-borrow_lavengro	54048
george-dilnot_the-lazy-detective	75493
george-du-maurier_trilby	39858
george-eliot_daniel-deronda	7469
george-eliot_middlemarch	145
george-eliot_romola	24020
george-eliot_silas-marner	550
george-eliot_the-mill-on-the-floss	6688
george-gissing_new-grub-street	1709
george-gissing_the-private-papers-of-henry-ryecroft	1463
george-macdonald_at-the-back-of-the-north-wind	225
george-macdonald_if-i-had-a-father	9191
george-macdonald_lilith	1640
george-macdonald_phantastes	325
george-macdonald_poetry	1953
george-macdonald_poetry	8949
george-macdonald_poetry	9543
george-macdonald_poetry	9984
george-macdonald_poetry	10578
george-macdonald_short-fiction	5676
george-macdonald_short-fiction	8913
george-macdonald_short-fiction	8955
george-macdonald_short-fiction	9191
george-macdonald_short-fiction	18811
george-macdonald_short-fiction	18859
george-macdonald_the-portent	8913
george-macdonald_the-princess-and-curdie	36612
george-macdonald_the-princess-and-the-goblin	708
george-macdonald_unspoken-sermons	9057
george-meredith_the-shaving-of-shagpat	4405
george-sand_mauprat_stanley-young	2194
george-sand_the-devils-pool_jane-minot-sedgwick_ellery-sedgwick	21993
george-schuyler_black-no-more	68811
george-william-russell_the-national-being	8104
georgette-heyer_beauvallet	75547
georgette-heyer_the-black-moth	38703
georgette-heyer_the-great-roxhythe	76816
georgette-heyer_the-transformation-of-philip-jettan	60776
geronimo_geronimos-story-of-his-life	31318
gertrude-stein_three-lives	15408
giovanni-boccaccio_the-decameron_john-payne	23700
godfrey-r-benson_tracks-in-the-snow	73711
grazia-deledda_after-the-divorce_maria-hornor-lansdale	39834
gustave-flaubert_madame-bovary_eleanor-marx-aveling	2413
gustave-flaubert_salammbo_j-s-chartres	1290
gustave-flaubert_short-fiction_m-walter-dunne	10458
gustave-flaubert_short-fiction_m-walter-dunne	1291
gustave-le-bon_the-crowd_t-fisher-unwin-ltd	445
guy-de-maupassant_bel-ami_vizetelly-and-company	33928
guy-de-maupassant_pierre-and-jean_clara-bell	3804
h-beam-piper_four-day-planet	19478
h-beam-piper_little-fuzzy	18137
h-beam-piper_murder-in-the-gunroom	17866
h-beam-piper_short-fiction	18105
h-beam-piper_short-fiction	18109
h-beam-piper_short-fiction	18151
h-beam-piper_short-fiction	18261
h-beam-piper_short-fiction	18342
h-beam-piper_short-fiction	18346
h-beam-piper_short-fiction	18460
h-beam-piper_short-fiction	18584
h-beam-piper_short-fiction	18632
h-beam-piper_short-fiction	18641
h-beam-piper_short-fiction	18800
h-beam-piper_short-fiction	18807
h-beam-piper_short-fiction	18814
h-beam-piper_short-fiction	18831
h-beam-piper_short-fiction	18855
h-beam-piper_short-fiction	18861
h-beam-piper_short-fiction	18949
h-beam-piper_short-fiction	19067
h-beam-piper_short-fiction	19076
h-beam-piper_short-fiction	19102
h-beam-piper_short-fiction	19194
h-beam-piper_short-fiction	19338
h-beam-piper_short-fiction	19445
h-beam-piper_short-fiction	20121
h-beam-piper_short-fiction	20649
h-beam-piper_short-fiction	20659
h-beam-piper_short-fiction	20726
h-beam-piper_space-viking	20728
h-beam-piper_the-cosmic-computer	20727
h-beam-piper_uller-uprising	19474
h-c-bailey_call-mr-fortune	59653
h-c-mcneile_bulldog-drummond	49935
h-de-vere-stacpoole_the-blue-lagoon	393
h-g-wells_in-the-days-of-the-comet	3797
h-g-wells_kipps	39162
h-g-wells_mr-britling-sees-it-through	14060
h-g-wells_short-fiction	11870
h-g-wells_short-fiction	27365
h-g-wells_short-fiction	42989
h-g-wells_short-fiction	12750
h-g-wells_short-fiction	1743
h-g-wells_the-first-men-in-the-moon	52501
h-g-wells_the-food-of-the-gods	11696
h-g-wells_the-history-of-mr-polly	7308
h-g-wells_the-invisible-man	5230
h-g-wells_the-island-of-doctor-moreau	159
h-g-wells_the-time-machine	35
h-g-wells_the-war-of-the-worlds	36
h-g-wells_the-wheels-of-chance	1264
h-g-wells_the-wonderful-visit	33913
h-g-wells_the-world-set-free	1059
h-g-wells_tono-bungay	718
h-p-lovecraft_at-the-mountains-of-madness	70652
h-p-lovecraft_short-fiction	30637
h-p-lovecraft_short-fiction	64940
h-p-lovecraft_short-fiction	46616
h-p-lovecraft_short-fiction	68236
h-p-lovecraft_short-fiction	68283
h-p-lovecraft_short-fiction	50133
h-p-lovecraft_short-fiction	46534
h-p-lovecraft_short-fiction	64901
h-p-lovecraft_short-fiction	31469
h-p-lovecraft_short-fiction	73181
h-p-lovecraft_short-fiction	73182
h-p-lovecraft_short-fiction	73177
h-p-lovecraft_short-fiction	73233
h-p-lovecraft_short-fiction	70486
h-p-lovecraft_short-fiction	70478
h-p-lovecraft_short-fiction	73230
h-p-lovecraft_the-case-of-charles-dexter-ward	73547
h-rider-haggard_allan-quatermain-stories	2728
h-rider-haggard_allan-quatermain-stories	2730
h-rider-haggard_allan-quatermain-stories	2729
h-rider-haggard_allan-quatermain-stories	6073
h-rider-haggard_allan-quatermain	711
h-rider-haggard_cleopatra	2769
h-rider-haggard_king-solomons-mines	2166
h-rider-haggard_maiwas-revenge	2713
h-rider-haggard_she	3155
h-rider-haggard_when-the-world-shook	1368
hans-jakob-christoffel-von-grimmelshausen_the-adventurous-simplicissimus_alfred-thomas-scrope-goodri	33858
harold-frederic_the-damnation-of-theron-ware	133
harriet-beecher-stowe_uncle-toms-cabin	203
harriet-e-wilson_our-nig	584
harry-harrison_planet-of-the-damned	21873
harry-harrison_short-fiction	78693
harry-harrison_short-fiction	30019
harry-harrison_short-fiction	29471
harry-harrison_short-fiction	22073
harry-harrison_short-fiction	29204
harry-harrison_short-fiction	22540
harry-harrison_short-fiction	22966
harry-harrison_short-fiction	72431
harry-harrison_the-stainless-steel-rat	70622
helen-herron-taft_recollections-of-full-years	71696
helen-keller_the-story-of-my-life	2397
henrik-ibsen_a-dolls-house_r-farquharson-sharp	2542
henrik-ibsen_ghosts_william-archer	8121
henrik-ibsen_hedda-gabler_edmund-gosse_william-archer	4093
henry-adams_democracy	2815
henry-adams_the-education-of-henry-adams	2044
henry-blake-fuller_bertram-copes-year	8101
henry-david-thoreau_a-week-on-the-concord-and-merrimack-rivers	4232
henry-david-thoreau_essays	60951
henry-david-thoreau_essays	9846
henry-david-thoreau_essays	63459
henry-david-thoreau_essays	71
henry-david-thoreau_essays	42500
henry-david-thoreau_essays	2567
henry-david-thoreau_essays	34392
henry-david-thoreau_walden	205
henry-fielding_the-history-of-tom-jones-a-foundling	6593
henry-george_progress-and-poverty	55308
henry-james_the-ambassadors	432
henry-james_the-golden-bowl	4264
henry-james_the-portrait-of-a-lady	2833
henry-james_the-portrait-of-a-lady	2834
henry-james_the-turn-of-the-screw	209
henry-james_the-wings-of-the-dove	29452
henry-james_the-wings-of-the-dove	30059
henry-james_washington-square	2870
henry-kuttner_short-fiction	32584
henry-kuttner_short-fiction	68726
henry-kuttner_short-fiction	61978
henry-kuttner_short-fiction	68253
henry-kuttner_short-fiction	62713
henry-kuttner_short-fiction	63123
henry-kuttner_short-fiction	63796
henry-kuttner_short-fiction	68170
henry-kuttner_short-fiction	68203
henry-kuttner_short-fiction	32108
henry-kuttner_short-fiction	31207
henry-lawson_while-the-billy-boils	7144
henry-van-dyke-jr_poetry	16229
henry-van-dyke-jr_poetry	16134
henry-van-dyke-jr_poetry	10679
henry-van-dyke-jr_poetry	3525
henry-van-dyke-jr_poetry	9372
henry-van-dyke-jr_poetry	29314
henry-van-dyke-jr_poetry	43094
henry-van-dyke-jr_the-house-of-rimmon	17944
henryk-sienkiewicz_pan-michael_jeremiah-curtin	37361
henryk-sienkiewicz_quo-vadis_jeremiah-curtin	2853
henryk-sienkiewicz_the-deluge_jeremiah-curtin	37198
henryk-sienkiewicz_the-deluge_jeremiah-curtin	37308
henryk-sienkiewicz_with-fire-and-sword_jeremiah-curtin	37027
herbert-gorman_the-place-called-dagon	79055
herman-melville_moby-dick	2701
herman-melville_short-fiction	15859
herman-melville_short-fiction	53861
herman-melville_short-fiction	76513
herman-melville_typee	1900
hermann-hesse_demian_n-h-priday	74222
hermann-hesse_siddhartha_various-translators	2500
hermann-hesse_steppenwolf_basil-creighton	75756
herodotus_histories_g-c-macaulay	2707
herodotus_histories_g-c-macaulay	2456
hilaire-belloc_the-cruise-of-the-nona	78020
hilaire-belloc_the-mercy-of-allah	47860
hilaire-belloc_the-path-to-rome	7373
hilaire-belloc_the-servile-state	64882
hjalmar-soderberg_martin-bircks-youth_charles-wharton-stork	78363
hjalmar-soderberg_short-fiction_various-translators	64808
honore-de-balzac_a-woman-of-thirty_ellen-marriage	1950
honore-de-balzac_albert-savarus_ellen-marriage	1898
honore-de-balzac_father-goriot_ellen-marriage	1237
honore-de-balzac_letters-of-two-brides_r-s-scott	1941
honore-de-balzac_lost-illusions_ellen-marriage	1443
honore-de-balzac_lost-illusions_ellen-marriage	1559
honore-de-balzac_lost-illusions_ellen-marriage	1639
honore-de-balzac_parisians-in-the-country_ellen-marriage	1912
honore-de-balzac_shorts-from-scenes-from-private-life_various-translators	1680
honore-de-balzac_shorts-from-scenes-from-private-life_various-translators	1305
honore-de-balzac_shorts-from-scenes-from-private-life_various-translators	1196
honore-de-balzac_shorts-from-scenes-from-private-life_various-translators	1810
honore-de-balzac_shorts-from-scenes-from-private-life_various-translators	1411
honore-de-balzac_shorts-from-scenes-from-private-life_various-translators	1189
honore-de-balzac_shorts-from-scenes-from-private-life_various-translators	1710
honore-de-balzac_shorts-from-scenes-from-private-life_various-translators	1428
honore-de-balzac_shorts-from-scenes-from-private-life_various-translators	1729
honore-de-balzac_shorts-from-scenes-from-private-life_various-translators	1683
honore-de-balzac_shorts-from-scenes-from-private-life_various-translators	1389
honore-de-balzac_shorts-from-scenes-from-private-life_various-translators	1954
honore-de-balzac_shorts-from-scenes-from-private-life_various-translators	1220
honore-de-balzac_shorts-from-scenes-from-private-life_various-translators	1410
honore-de-balzac_shorts-from-scenes-from-private-life_various-translators	1714
honore-de-balzac_the-jealousies-of-a-country-town_ellen-marriage	1405
hope-mirrlees_lud-in-the-mist	68061
horace-walpole_the-castle-of-otranto	696
horatio-alger-jr_ragged-dick	5348
hugh-lofting_the-story-of-doctor-dolittle	501
hugh-lofting_the-voyages-of-doctor-dolittle	1154
hugh-walpole_the-dark-forest	19614
hugh-walpole_the-secret-city	12349
isaac-asimov_short-science-fiction	76871
isaac-asimov_short-science-fiction	31547
isaac-asimov_short-science-fiction	77254
isaac-asimov_short-science-fiction	68377
isaac-asimov_short-science-fiction	78751
israel-zangwill_the-big-bow-mystery	28164
ivan-bunin_short-fiction_various-translators	44998
ivan-bunin_the-village_isabel-f-hapgood	59981
ivan-turgenev_a-house-of-gentlefolk_constance-garnett	5721
ivan-turgenev_fathers-and-children_constance-garnett	30723
ivan-turgenev_on-the-eve_constance-garnett	6902
j-j-connington_murder-in-the-maze	71351
j-j-connington_mystery-at-lynden-sands	73126
j-j-connington_nordenholts-million	64567
j-j-connington_the-case-with-nine-solutions	72816
j-j-connington_tragedy-at-ravensthorpe	75407
j-k-huysmans_la-bas_keene-wallace	14323
j-m-barrie_peter-and-wendy	26654
j-m-barrie_the-little-white-bird	1376
j-m-synge_short-plays	1618
j-m-synge_short-plays	994
j-m-synge_short-plays	1328
j-m-synge_the-playboy-of-the-western-world	1240
j-m-synge_the-well-of-the-saints	1241
j-p-jacobsen_niels-lyhne_hanna-astrup-larsen	55389
j-s-fletcher_scarhaven-keep	9807
j-s-fletcher_the-borough-treasurer	20630
j-s-fletcher_the-charing-cross-mystery	59893
j-s-fletcher_the-middle-of-things	9902
j-s-fletcher_the-middle-temple-murder	10373
j-s-fletcher_the-paradise-mystery	5308
j-s-fletcher_the-talleyrand-maxim	9834
j-sheridan-le-fanu_short-fiction	37172
j-sheridan-le-fanu_short-fiction	509
j-sheridan-le-fanu_short-fiction	510
j-sheridan-le-fanu_short-fiction	511
j-sheridan-le-fanu_short-fiction	11699
j-sheridan-le-fanu_short-fiction	11700
j-sheridan-le-fanu_short-fiction	12592
j-sheridan-le-fanu_short-fiction	12647
j-sheridan-le-fanu_short-fiction	11610
j-sheridan-le-fanu_the-room-in-the-dragon-volant	37172
j-sheridan-le-fanu_the-wyvern-mystery	68569
j-sheridan-le-fanu_uncle-silas	14851
j-storer-clouston_simon	26306
j-storer-clouston_the-man-from-the-clouds	9852
j-storer-clouston_the-spy-in-black	33996
j-w-von-goethe_the-sorrows-of-young-werther_r-d-boylan	2527
jack-london_before-adam	310
jack-london_lost-face	2429
jack-london_martin-eden	1056
jack-london_the-call-of-the-wild	215
jack-london_the-iron-heel	1164
jack-london_the-sea-wolf	1074
jack-london_the-son-of-the-wolf	2377
jack-london_when-god-laughs	2545
jack-london_white-fang	910
jacob-grimm_wilhelm-grimm_household-tales_margaret-hunt	5314
jacob-riis_how-the-other-half-lives	45502
james-branch-cabell_chivalry	11752
james-branch-cabell_domnei	9663
james-branch-cabell_figures-of-earth	11639
james-branch-cabell_jurgen	8771
james-branch-cabell_the-cords-of-vanity	9608
james-branch-cabell_the-line-of-love	9488
james-de-mille_a-strange-manuscript-found-in-a-copper-cylinder	6709
james-fenimore-cooper_the-last-of-the-mohicans	940
james-hogg_the-private-memoirs-and-confessions-of-a-justified-sinner	2276
james-joyce_a-portrait-of-the-artist-as-a-young-man	4217
james-joyce_dubliners	2814
james-joyce_exiles	55945
james-joyce_poetry	2817
james-mcintyre_poetry	36068
james-stephens_irish-fairy-tales	2892
james-stephens_the-crock-of-gold	1605
james-stephens_the-demi-gods	46558
james-weldon-johnson_poetry	17884
james-weldon-johnson_the-autobiography-of-an-ex-colored-man	11012
jane-addams_democracy-and-social-ethics	15487
jane-addams_twenty-years-at-hull-house	1325
jane-austen_emma	158
jane-austen_mansfield-park	141
jane-austen_northanger-abbey	121
jane-austen_persuasion	105
jane-austen_pride-and-prejudice	42671
jane-austen_sense-and-sensibility	161
jane-c-loudon_the-mummy	56426
jean-jacques-rousseau_the-social-contract_g-d-h-cole	46333
jean-toomer_cane	60093
jerome-k-jerome_three-men-in-a-boat	308
joel-barlow_the-columbiad	8683
johann-david-wyss_the-swiss-family-robinson_mary-jane-godwin_william-godwin	72813
johanna-spyri_cornelli_elisabeth-p-stork	6380
johanna-spyri_heidi_elisabeth-p-stork	20781
john-a-lomax_songs-of-the-cattle-trail-and-cow-camp	21723
john-buchan_greenmantle	559
john-buchan_huntingtower	3782
john-buchan_midwinter	59178
john-buchan_mr-standfast	560
john-buchan_the-powerhouse	57631
john-buchan_the-thirty-nine-steps	558
john-bunyan_the-pilgrims-progress	6048
john-dewey_democracy-and-education	852
john-dewey_human-nature-and-conduct	41386
john-dewey_the-public-and-its-problems	71000
john-dos-passos_manhattan-transfer	71853
john-g-neihardt_a-cycle-of-the-west	53667
john-galsworthy_the-forsyte-saga	4397
john-gay_the-beggars-opera	25063
john-henry-newman_verses-on-various-occasions	48927
john-maynard-keynes_the-economic-consequences-of-the-peace	15776
john-meade-falkner_moonfleet	10743
john-meade-falkner_the-lost-stradivarius	14107
john-meade-falkner_the-nebuly-coat	22943
john-muir_my-first-summer-in-the-sierra	32540
john-reed_ten-days-that-shook-the-world	3076
john-rhode_the-murders-in-praed-street	72926
john-ruskin_unto-this-last	36541
john-stuart-mill_on-liberty	34901
john-stuart-mill_the-autobiography-of-john-stuart-mill	10378
john-stuart-mill_the-subjection-of-women	27083
john-t-mcintyre_ashton-kirk-investigator	12314
john-w-campbell_invaders-from-the-infinite	20154
john-w-campbell_islands-of-space	20988
john-w-campbell_the-black-star-passes	20707
john-webster_the-duchess-of-malfi	2232
john-william-polidori_the-vampire	6087
johnston-mcculley_the-mark-of-zorro	61620
jonas-lie_short-fiction_various-translators	13508
jonathan-swift_gullivers-travels	829
jose-rizal_el-filibusterismo_charles-e-derbyshire	10676
jose-rizal_noli-me-tangere_charles-e-derbyshire	6737
joseph-conrad_a-personal-record	687
joseph-conrad_almayers-folly	720
joseph-conrad_an-outcast-of-the-islands	638
joseph-conrad_chance	1476
joseph-conrad_ford-madox-ford_romance	17642
joseph-conrad_ford-madox-ford_the-inheritors	14888
joseph-conrad_ford-madox-ford_the-nature-of-a-crime	75172
joseph-conrad_heart-of-darkness	219
joseph-conrad_lord-jim	5658
joseph-conrad_nostromo	2021
joseph-conrad_suspense	66156
joseph-conrad_the-arrow-of-gold	1083
joseph-conrad_the-end-of-the-tether	527
joseph-conrad_the-mirror-of-the-sea	1058
joseph-conrad_the-nigger-of-the-narcissus	17731
joseph-conrad_the-rescue	1712
joseph-conrad_the-rover	59142
joseph-conrad_the-secret-agent	974
joseph-conrad_the-shadow-line	451
joseph-conrad_under-western-eyes	2480
joseph-conrad_victory	6378
joseph-furphy_such-is-life	3470
joseph-jacobs_indian-fairy-tales	7128
joshua-slocum_sailing-alone-around-the-world	6317
josiah-henson_father-hensons-story-of-his-own-life	49129
jules-verne_an-antarctic-mystery_frances-cashel-hoey	10339
jules-verne_around-the-world-in-eighty-days_george-makepeace-towle	103
jules-verne_dick-sands-the-boy-captain_ellen-e-frewer	9150
jules-verne_facing-the-flag_f-tennyson-neely	11556
jules-verne_five-weeks-in-a-balloon_william-lackland	3526
jules-verne_from-the-earth-to-the-moon_ward-lock-co	12901
jules-verne_in-search-of-the-castaways_j-b-lippincott-co	46597
jules-verne_journey-to-the-center-of-the-earth_f-a-malleson	3748
jules-verne_michael-strogoff_w-h-g-kingston	1842
jules-verne_round-the-moon_ward-lock-co	12901
jules-verne_the-adventures-of-captain-hatteras_james-r-osgood-and-company	29413
jules-verne_the-child-of-the-cavern_vincent-parke-and-company	1355
jules-verne_the-fur-country_n-danvers	8991
jules-verne_the-giant-raft_w-j-gordon	3091
jules-verne_the-mysterious-island_stephen-w-white	8993
jules-verne_the-special-correspondent_the-boys-own-paper	11263
jules-verne_the-survivors-of-the-chancellor_ellen-frewer	1652
jules-verne_ticket-no-9672_laura-e-kendall	13527
jules-verne_topsy-turvy_j-g-ogilvie	10547
julius-caesar_commentaries-on-the-gallic-war_w-a-mcdevitte_w-s-bohn	10657
kahlil-gibran_the-forerunner	54580
kahlil-gibran_the-madman	5616
kahlil-gibran_the-prophet	58585
karel-capek_krakatit_lawrence-hyde	79127
karel-capek_r-u-r_paul-selver_nigel-playfair	59112
karl-marx_friedrich-engels_the-communist-manifesto_samuel-moore	31193
kate-chopin_short-fiction	46650
kate-chopin_the-awakening	160
katharine-a-carl_with-the-empress-dowager-of-china	75210
katharine-susannah-prichard_the-black-opal	36710
kenneth-grahame_the-wind-in-the-willows	27805
knut-hamsun_growth-of-the-soil_w-w-worster	10984
l-frank-baum_dorothy-and-the-wizard-in-oz	420
l-frank-baum_ozma-of-oz	33361
l-frank-baum_the-marvelous-land-of-oz	54
l-frank-baum_the-road-to-oz	485
l-frank-baum_the-wonderful-wizard-of-oz	55
l-m-montgomery_anne-of-green-gables	45
l-m-montgomery_emily-of-new-moon	61236
l-m-montgomery_the-blue-castle	67979
l-t-hobhouse_liberalism	28278
lady-gregory_w-b-yeats_the-unicorn-from-the-stars	49610
langston-hughes_zora-neale-hurston_the-mule-bone	19435
laozi_tao-te-ching_james-legge	216
laurence-sterne_the-life-and-opinions-of-tristram-shandy-gentleman	39270
leo-tolstoy_anna-karenina_constance-garnett	1399
leo-tolstoy_resurrection_louise-maude	1938
leo-tolstoy_short-fiction_various-translators	41119
leo-tolstoy_short-fiction_various-translators	38025
leo-tolstoy_short-fiction_various-translators	51708
leo-tolstoy_short-fiction_various-translators	689
leo-tolstoy_short-fiction_various-translators	985
leo-tolstoy_short-fiction_various-translators	56797
leo-tolstoy_short-fiction_various-translators	243
leo-tolstoy_short-fiction_various-translators	986
leo-tolstoy_short-fiction_various-translators	51018
leo-tolstoy_the-power-of-darkness_louise-maude_aylmer-maude	26661
leo-tolstoy_war-and-peace_louise-maude_aylmer-maude	2600
leo-tolstoy_what-is-art_aylmer-maude	64908
leonid-andreyev_he-who-gets-slapped_gregory-zilboorg	37961
leonid-andreyev_satans-diary_herman-bernstein	42665
leonid-andreyev_short-fiction_various-translators	6722
leonid-andreyev_short-fiction_various-translators	5779
leonid-andreyev_short-fiction_various-translators	49598
leonid-andreyev_short-fiction_various-translators	49595
leonid-andreyev_short-fiction_various-translators	49594
lew-wallace_ben-hur	2145
lewis-carroll_a-tangled-tale	29042
lewis-carroll_alices-adventures-in-wonderland_john-tenniel	11
lewis-carroll_sylvie-and-bruno	48630
lewis-carroll_sylvie-and-bruno	48795
lewis-carroll_through-the-looking-glass_john-tenniel	12
lewis-mumford_sticks-and-stones	64629
linda-brent_incidents-in-the-life-of-a-slave-girl	11030
lord-byron_don-juan	18762
lord-dunsany_fifty-one-tales	7838
lord-dunsany_the-book-of-wonder_sidney-h-sime	7477
lord-dunsany_the-gods-of-pegana	8395
lord-dunsany_the-king-of-elflands-daughter	61077
louis-couperus_the-tour_alexander-teixeira-de-mattos	37497
louis-hemon_maria-chapdelaine_w-h-blake	4383
louis-joseph-vance_the-lone-wolf	9378
louisa-may-alcott_behind-a-mask	8677
louisa-may-alcott_little-women	37106
ludovico-ariosto_orlando-furioso_william-stewart-rose	615
luigi-pirandello_six-characters-in-search-of-an-author_edward-storer	42148
luis-de-camoes_the-lusiads_richard-f-burton	77660
luis-de-camoes_the-lusiads_richard-f-burton	77661
lytton-strachey_eminent-victorians	2447
lytton-strachey_queen-victoria	1265
m-e-braddon_aurora-floyd	48020
m-e-braddon_lady-audleys-secret	8954
m-e-braddon_the-trail-of-the-serpent	75840
m-e-braddon_the-venetians	74385
m-g-lewis_the-monk	601
m-p-shiel_the-purple-cloud	11229
m-r-james_short-fiction	8486
m-r-james_short-fiction	9629
m-r-james_short-fiction	20387
mack-reynolds_short-fiction	65077
mack-reynolds_short-fiction	65140
mack-reynolds_short-fiction	65221
mack-reynolds_short-fiction	63963
mack-reynolds_short-fiction	63989
mack-reynolds_short-fiction	65938
mack-reynolds_short-fiction	29940
mack-reynolds_short-fiction	40954
mack-reynolds_short-fiction	30035
mack-reynolds_short-fiction	63741
mack-reynolds_short-fiction	29206
mack-reynolds_short-fiction	59514
mack-reynolds_short-fiction	23942
mack-reynolds_short-fiction	60761
mack-reynolds_short-fiction	23669
mack-reynolds_short-fiction	23929
mack-reynolds_short-fiction	24749
mack-reynolds_short-fiction	30712
mack-reynolds_short-fiction	27393
mack-reynolds_short-fiction	26741
mack-reynolds_short-fiction	24247
mack-reynolds_short-fiction	30338
mack-reynolds_short-fiction	30334
mack-reynolds_short-fiction	51799
mack-reynolds_short-fiction	30339
mack-reynolds_short-fiction	24370
mack-reynolds_short-fiction	23197
mack-reynolds_short-fiction	23194
mack-reynolds_short-fiction	31008
mack-reynolds_short-fiction	52995
manly-wade-wellman_short-fiction	72854
manly-wade-wellman_short-fiction	32580
manly-wade-wellman_short-fiction	74120
manly-wade-wellman_short-fiction	74147
manly-wade-wellman_short-fiction	74018
manly-wade-wellman_short-fiction	64789
manly-wade-wellman_short-fiction	22538
manly-wade-wellman_short-fiction	62137
manly-wade-wellman_short-fiction	63097
manly-wade-wellman_short-fiction	77940
manly-wade-wellman_short-fiction	60595
marcel-proust_in-search-of-lost-time_c-k-scott-moncrieff	7178
marcel-proust_in-search-of-lost-time_c-k-scott-moncrieff	63532
marcel-proust_in-search-of-lost-time_c-k-scott-moncrieff	73425
margaret-cavendish_the-blazing-world	51783
margaret-oliphant_a-country-gentleman-and-his-family	30835
margaret-oliphant_hester	48197
margaret-oliphant_hester	48198
margaret-oliphant_hester	48199
margaret-oliphant_miss-marjoribanks	41286
margaret-oliphant_phoebe-junior	28629
margaret-oliphant_salem-chapel	42013
margaret-oliphant_salem-chapel	42044
margaret-oliphant_the-ladies-lindores	47591
margaret-oliphant_the-ladies-lindores	47592
margaret-oliphant_the-ladies-lindores	47593
margaret-oliphant_the-perpetual-curate	28006
margaret-oliphant_the-rector-and-the-doctors-family	29890
margaret-oliphant_the-rector-and-the-doctors-family	29891
margaret-wilson_the-able-mclaughlins	59845
maria-bochkareva_yashka	70213
maria-edgeworth_castle-rackrent	1424
marie-belloc-lowndes_the-chink-in-the-armour	16677
marie-belloc-lowndes_the-lodger	2014
marie-de-france_lais_eugene-mason	11417
mark-rutherford_mark-rutherfords-deliverance	5338
mark-rutherford_the-autobiography-of-mark-rutherford	3269
mark-rutherford_the-revolution-in-tanners-lane	6690
mark-twain_a-connecticut-yankee-in-king-arthurs-court	86
mark-twain_personal-recollections-of-joan-of-arc	2874
mark-twain_puddnhead-wilson	102
mark-twain_roughing-it	3177
mark-twain_the-adventures-of-huckleberry-finn	76
mark-twain_the-adventures-of-tom-sawyer	74
mark-twain_the-innocents-abroad	3176
mark-twain_the-prince-and-the-pauper	1837
marmaduke-pickthall_said-the-fisherman	77078
marmaduke-pickthall_veiled-women	57297
martin-andersen-nexo_pelle-the-conqueror_jessie-muir_bernard-miall	7791
martin-andersen-nexo_pelle-the-conqueror_jessie-muir_bernard-miall	7792
martin-andersen-nexo_pelle-the-conqueror_jessie-muir_bernard-miall	7793
martin-andersen-nexo_pelle-the-conqueror_jessie-muir_bernard-miall	7794
mary-augusta-ward_lady-roses-daughter	13782
mary-austin_the-land-of-little-rain	365
mary-de-morgan_the-necklace-of-princess-fiorimonde	38976
mary-de-morgan_the-windfairies	69875
mary-parker-follett_the-new-state	73755
mary-roberts-rinehart_the-circular-staircase	434
mary-roberts-rinehart_the-man-in-lower-ten	1869
mary-seacole_wonderful-adventures-of-mrs-seacole-in-many-lands	23031
mary-shelley_frankenstein	42324
mary-shelley_short-fiction	56665
mary-shelley_short-fiction	15238
mary-shelley_the-last-man	18247
mary-wollstonecraft_a-vindication-of-the-rights-of-woman	3420
mary-wollstonecraft_letters-written-during-a-short-residence-in-sweden-norway-and-denmark	3529
matthew-arnold_culture-and-anarchy	4212
matthew-arnold_poetry	27739
matthew-henson_a-negro-explorer-at-the-north-pole	20923
maurice-leblanc_813_alexander-teixeira-de-mattos	34758
maurice-leblanc_arsene-lupin-versus-herlock-sholmes_george-morehead	40203
maurice-leblanc_the-confessions-of-arsene-lupin_alexander-teixeira-de-mattos	28093
maurice-leblanc_the-crystal-stopper_alexander-teixeira-de-mattos	1563
maurice-leblanc_the-eight-strokes-of-the-clock_alexander-teixeira-de-mattos	7896
maurice-leblanc_the-extraordinary-adventures-of-arsene-lupin-gentleman-burglar_george-morehead	6133
maurice-leblanc_the-golden-triangle_alexander-teixeira-de-mattos	34795
maurice-leblanc_the-hollow-needle_alexander-teixeira-de-mattos	4017
maurice-leblanc_the-secret-of-sarek_alexander-teixeira-de-mattos	34939
maurice-leblanc_the-secret-tomb_alexander-teixeira-de-mattos	59072
maurice-leblanc_the-teeth-of-the-tiger_alexander-teixeira-de-mattos	13058
maurice-maeterlinck_georgette-leblanc_the-blue-bird_alexander-teixeira-de-mattos	27991
max-beerbohm_the-works-of-max-beerbohm	1859
max-beerbohm_zuleika-dobson	1845
may-sinclair_mary-olivier-a-life	9366
metta-victor_the-dead-letter	46708
michael-arlen_the-green-hat	71913
mignon-g-eberhart_the-patient-in-room-18	75384
miguel-de-cervantes-saavedra_don-quixote_john-ormsby	996
mikhail-artsybashev_sanine_percy-pinkerton	9051
miles-franklin_my-brilliant-career	11620
moliere_tartuffe_curtis-hidden-page	2027
mor-jokai_midst-the-wild-carpathians_robert-nisbet-bain	37339
mor-jokai_the-slaves-of-the-padishah_robert-nisbet-bain	39048
nathaniel-hawthorne_the-blithedale-romance	2081
nathaniel-hawthorne_the-house-of-the-seven-gables	77
nathaniel-hawthorne_the-scarlet-letter	25344
natsume-soseki_kusamakura_takahashi-kazutomo	73131
niccolo-machiavelli_discourses-on-livy_ninian-hill-thomson	10827
niccolo-machiavelli_the-prince_w-k-marriott	1232
nikolai-gogol_dead-souls_c-j-hogarth	1081
nikolai-gogol_short-fiction_various-translators	1197
nikolai-gogol_short-fiction_various-translators	36238
nikolai-gogol_short-fiction_various-translators	58409
nikolai-gogol_the-inspector-general_thomas-seltzer	3735
noah-brooks_our-baseball-club-and-how-it-won-the-championship	59645
noel-coward_hay-fever	75666
noel-coward_the-vortex	67988
noel-loomis_short-science-fiction	63638
noel-loomis_short-science-fiction	70387
noel-loomis_short-science-fiction	64063
noel-loomis_short-science-fiction	70388
noel-loomis_short-science-fiction	65861
noel-loomis_short-science-fiction	31326
noel-loomis_short-science-fiction	32907
noel-loomis_short-science-fiction	33872
noel-loomis_short-science-fiction	78935
norbert-jacques_dr-mabuse-the-gambler_lilian-a-clare	75967
norman-angell_the-great-illusion	38535
o-henry_short-fiction	2777
o-henry_short-fiction	2776
o-henry_short-fiction	3707
o-henry_short-fiction	1725
o-henry_short-fiction	1805
o-henry_short-fiction	1444
o-henry_short-fiction	1646
o-henry_short-fiction	1583
o-henry_short-fiction	2141
o-henry_short-fiction	1595
o-henry_short-fiction	2851
o-henry_short-fiction	3815
o-henry_short-fiction	2295
octave-mirbeau_calvary_louis-rich	48773
okakura-kakuzo_the-book-of-tea	769
olaudah-equiano_the-interesting-narrative-of-the-life-of-olaudah-equiano	15399
oliver-goldsmith_she-stoops-to-conquer	383
oliver-goldsmith_the-vicar-of-wakefield	2667
omar-khayyam_the-rubaiyat-of-omar-khayyam_edward-fitzgerald	35260
oscar-wilde_a-woman-of-no-importance	854
oscar-wilde_an-ideal-husband	885
oscar-wilde_childrens-stories	902
oscar-wilde_childrens-stories	873
oscar-wilde_lady-windermeres-fan	790
oscar-wilde_lord-arthur-saviles-crime-and-other-stories	773
oscar-wilde_poetry	1057
oscar-wilde_poetry	1338
oscar-wilde_the-importance-of-being-earnest	844
oscar-wilde_the-picture-of-dorian-gray	174
owen-johnson_stover-at-yale	46674
owen-wister_the-virginian	1298
p-g-wodehouse_a-damsel-in-distress	2233
p-g-wodehouse_a-gentleman-of-leisure	65172
p-g-wodehouse_a-prefects-uncle	6985
p-g-wodehouse_golf-stories	7028
p-g-wodehouse_golf-stories	6768
p-g-wodehouse_indiscretions-of-archie	3756
p-g-wodehouse_jeeves-stories	8176
p-g-wodehouse_jeeves-stories	7471
p-g-wodehouse_jeeves-stories	8164
p-g-wodehouse_jeeves-stories	8190
p-g-wodehouse_jeeves-stories	59254
p-g-wodehouse_leave-it-to-psmith	60067
p-g-wodehouse_love-among-the-chickens	3829
p-g-wodehouse_mike	7423
p-g-wodehouse_mr-mulliner-stories	70222
p-g-wodehouse_piccadilly-jim	2005
p-g-wodehouse_psmith-in-the-city	6753
p-g-wodehouse_psmith-journalist	2607
p-g-wodehouse_right-ho-jeeves	10554
p-g-wodehouse_school-stories	6980
p-g-wodehouse_school-stories	8178
p-g-wodehouse_short-fiction	6768
p-g-wodehouse_short-fiction	7471
p-g-wodehouse_short-fiction	8176
p-g-wodehouse_short-fiction	8190
p-g-wodehouse_short-fiction	8164
p-g-wodehouse_something-new	2042
p-g-wodehouse_the-adventures-of-sally	7464
p-g-wodehouse_the-coming-of-bill	6880
p-g-wodehouse_the-gold-bat	6879
p-g-wodehouse_the-head-of-kays	6877
p-g-wodehouse_the-little-nugget	6683
p-g-wodehouse_the-pothunters	6984
p-g-wodehouse_the-small-bachelor	70041
p-g-wodehouse_the-white-feather	6927
p-g-wodehouse_ukridge-stories	61507
p-t-barnum_struggles-and-triumphs	50115
p-t-barnum_the-art-of-money-getting	8581
p-t-barnum_the-humbugs-of-the-world	26640
paul-dukes_red-dusk-and-the-morrow	57804
paul-laurence-dunbar_the-sport-of-the-gods	17854
paul-laurence-dunbar_the-uncalled	25171
pearl-s-buck_the-mother	68577
pedro-carolino_jose-da-fonseca_english-as-she-is-spoke	30411
percy-marks_the-plastic-age	16532
peter-kropotkin_mutual-aid	4341
peter-kropotkin_the-conquest-of-bread_chapman-and-hall	23428
philip-francis-nowlan_armageddon-2419-a-d	32530
philip-francis-nowlan_the-airlords-of-han	25438
philip-gibbs_now-it-can-be-told	3317
philip-k-dick_short-fiction	31516
philip-k-dick_short-fiction	32032
philip-k-dick_short-fiction	28644
philip-k-dick_short-fiction	28554
philip-k-dick_short-fiction	32522
philip-k-dick_short-fiction	28767
philip-k-dick_short-fiction	30255
philip-k-dick_short-fiction	28698
philip-k-dick_short-fiction	32832
philip-k-dick_short-fiction	29132
philip-k-dick_short-fiction	41562
philip-k-dick_short-fiction	40964
philip-k-dick_short-fiction	32154
philip-macdonald_the-rasp	72462
philip-wylie_gladiator	42914
phillis-wheatley_poems-on-various-subjects-religious-and-moral	409
pierre-choderlos-de-laclos_dangerous-liaisons_thomas-moore	45512
pierre-souvestre_marcel-allain_fantomas_cranstoun-metcalfe	27794
plato_dialogues_benjamin-jowett	1676
plato_dialogues_benjamin-jowett	1677
plato_dialogues_benjamin-jowett	1656
plato_dialogues_benjamin-jowett	1580
plato_dialogues_benjamin-jowett	1616
plato_dialogues_benjamin-jowett	1571
plato_dialogues_benjamin-jowett	1657
plato_dialogues_benjamin-jowett	1681
plato_dialogues_benjamin-jowett	1598
plato_dialogues_benjamin-jowett	1642
plato_dialogues_benjamin-jowett	1672
plato_dialogues_benjamin-jowett	1635
plato_dialogues_benjamin-jowett	1584
plato_dialogues_benjamin-jowett	1750
plato_dialogues_benjamin-jowett	1673
plato_dialogues_benjamin-jowett	1579
plato_dialogues_benjamin-jowett	1682
plato_dialogues_benjamin-jowett	1643
plato_dialogues_benjamin-jowett	1687
plato_dialogues_benjamin-jowett	1658
plato_dialogues_benjamin-jowett	1636
plato_dialogues_benjamin-jowett	1744
plato_dialogues_benjamin-jowett	1591
plato_dialogues_benjamin-jowett	1497
plato_dialogues_benjamin-jowett	1735
plato_dialogues_benjamin-jowett	1738
plato_dialogues_benjamin-jowett	1600
plato_dialogues_benjamin-jowett	1726
plato_dialogues_benjamin-jowett	1572
poul-anderson_short-fiction	63950
poul-anderson_short-fiction	63944
poul-anderson_short-fiction	64049
poul-anderson_short-fiction	65086
poul-anderson_short-fiction	32436
poul-anderson_short-fiction	51184
poul-anderson_short-fiction	64022
poul-anderson_short-fiction	63993
poul-anderson_short-fiction	64044
poul-anderson_short-fiction	64048
poul-anderson_short-fiction	64075
poul-anderson_short-fiction	22239
poul-anderson_short-fiction	37653
poul-anderson_short-fiction	68658
poul-anderson_short-fiction	41064
poul-anderson_short-fiction	31501
poul-anderson_short-fiction	59314
poul-anderson_short-fiction	63633
poul-anderson_short-fiction	59373
poul-anderson_short-fiction	59498
poul-anderson_short-fiction	29542
poul-anderson_short-fiction	51650
poul-anderson_short-fiction	30971
r-a-lafferty_short-fiction	31663
r-a-lafferty_short-fiction	60940
r-a-lafferty_short-fiction	60955
r-a-lafferty_short-fiction	61007
r-a-lafferty_short-fiction	51603
r-a-lafferty_short-fiction	51774
r-a-lafferty_short-fiction	51596
r-a-lafferty_short-fiction	61128
r-a-lafferty_short-fiction	51668
r-a-lafferty_short-fiction	23161
r-austin-freeman_the-darblay-mystery	70996
r-austin-freeman_the-eye-of-osiris	24201
r-austin-freeman_the-mystery-of-31-new-inn	12187
r-austin-freeman_the-red-thumbmark	11128
r-d-blackmore_lorna-doone	17460
r-d-blackmore_the-maid-of-sker	46156
r-h-tawney_religion-and-the-rise-of-capitalism	71223
r-h-tawney_the-acquisitive-society	33741
r-m-ballantyne_the-coral-island	646
rabindranath-tagore_gitanjali	7164
rabindranath-tagore_my-reminiscences_the-macmillan-company	22217
rabindranath-tagore_the-home-and-the-world_surendranath-tagore	7166
radclyffe-hall_the-well-of-loneliness	73042
rafael-sabatini_bellarion-the-fortunate	68411
rafael-sabatini_captain-blood	1965
rafael-sabatini_scaramouche	1947
rafael-sabatini_the-sea-hawk	3294
ralph-waldo-emerson_essays	2944
ralph-waldo-emerson_essays	2945
ralph-waldo-emerson_representative-men	6312
ray-bradbury_short-fiction	41622
ray-bradbury_short-fiction	41624
ray-bradbury_short-fiction	41627
ray-bradbury_short-fiction	41651
ray-bradbury_short-fiction	63430
ray-bradbury_short-fiction	62569
ray-bradbury_short-fiction	63041
ray-bradbury_short-fiction	63648
ray-bradbury_short-fiction	63874
ray-bradbury_short-fiction	64181
ray-bradbury_short-fiction	64264
ray-bradbury_short-fiction	63827
ray-bradbury_short-fiction	64420
ray-bradbury_short-fiction	64673
ray-bradbury_short-fiction	51171
ray-bradbury_short-fiction	76857
rene-descartes_philosophical-works_john-veitch	59
rene-descartes_philosophical-works_john-veitch	4391
richard-f-burton_vikram-and-the-vampire	48511
richard-henry-dana-jr_two-years-before-the-mast	2055
richard-hughes_a-high-wind-in-jamaica	75530
richard-jefferies_after-london	13944
richard-jefferies_amaryllis-at-the-fair	30087
richard-jefferies_greene-ferne-farm	37046
richard-jefferies_worlds-end	37079
richard-marsh_the-beetle	5164
richard-steele_the-conscious-lovers	55922
richmal-crompton_just-william	34414
ring-lardner_gullibles-travels	35162
ring-lardner_jack-keefe-stories	52670
ring-lardner_jack-keefe-stories	16929
ring-lardner_jack-keefe-stories	7405
ring-lardner_my-four-weeks-in-france	73059
ring-lardner_poetry	25961
ring-lardner_short-fiction	77676
robert-derby-holmes_a-yankee-in-the-trenches	13279
robert-e-howard_conan-stories	42188
robert-e-howard_conan-stories	42183
robert-e-howard_conan-stories	42209
robert-e-howard_conan-stories	42259
robert-e-howard_conan-stories	42227
robert-e-howard_conan-stories	42236
robert-e-howard_conan-stories	42254
robert-e-howard_conan-stories	42196
robert-e-howard_conan-stories	32759
robert-e-howard_conan-stories	42182
robert-e-howard_short-fiction	42664
robert-e-howard_short-fiction	73793
robert-e-howard_short-fiction	71052
robert-e-howard_short-fiction	71065
robert-e-howard_short-fiction	70830
robert-e-howard_short-fiction	70879
robert-e-howard_short-fiction	70653
robert-e-howard_short-fiction	71268
robert-e-howard_short-fiction	70540
robert-e-howard_short-fiction	71197
robert-e-howard_short-fiction	71180
robert-e-howard_short-fiction	71168
robert-e-howard_short-fiction	71109
robert-e-howard_short-fiction	71085
robert-e-howard_short-fiction	71066
robert-e-howard_short-fiction	72707
robert-e-howard_short-fiction	70570
robert-e-howard_short-fiction	71139
robert-frost_new-hampshire	58611
robert-frost_north-of-boston	3026
robert-hugh-benson_the-necromancers	14275
robert-louis-stevenson_catriona	14133
robert-louis-stevenson_kidnapped	421
robert-louis-stevenson_poetry	31291
robert-louis-stevenson_poetry	30659
robert-louis-stevenson_poetry	441
robert-louis-stevenson_prince-otto	372
robert-louis-stevenson_the-black-arrow	32954
robert-louis-stevenson_the-master-of-ballantrae	30939
robert-louis-stevenson_the-strange-case-of-dr-jekyll-and-mr-hyde	43
robert-louis-stevenson_travel-essays	534
robert-louis-stevenson_travel-essays	382
robert-louis-stevenson_travel-essays	535
robert-louis-stevenson_travel-essays	516
robert-louis-stevenson_travel-essays	614
robert-louis-stevenson_travel-essays	627
robert-louis-stevenson_travel-essays	30527
robert-louis-stevenson_treasure-island	27780
robert-sheckley_short-fiction	65838
robert-sheckley_short-fiction	50844
robert-sheckley_short-fiction	29548
robert-sheckley_short-fiction	29458
robert-sheckley_short-fiction	29525
robert-sheckley_short-fiction	65952
robert-sheckley_short-fiction	29579
robert-sheckley_short-fiction	33854
robert-sheckley_short-fiction	29509
robert-sheckley_short-fiction	32040
robert-sheckley_short-fiction	29445
robert-sheckley_short-fiction	29446
robert-sheckley_short-fiction	32346
robert-sheckley_short-fiction	32041
robert-sheckley_short-fiction	29876
robert-sheckley_short-fiction	29487
robert-sheckley_short-fiction	51545
robert-sheckley_short-fiction	51768
robert-sheckley_short-fiction	51833
robert-w-chambers_the-king-in-yellow	8492
robert-w-service_songs-of-a-sourdough	25546
robert-williams-wood_how-to-tell-the-birds-from-the-flowers-and-other-woodcuts	33346
rolf-boldrewood_robbery-under-arms	1198
romain-rolland_clerambault_katherine-miller	10868
romain-rolland_jean-christophe_gilbert-cannan	7979
romain-rolland_jean-christophe_gilbert-cannan	8149
romain-rolland_jean-christophe_gilbert-cannan	7967
ronald-a-knox_the-three-taps	73198
ronald-a-knox_the-viaduct-murder	72585
rose-macaulay_dangerous-ages	16799
rose-wilder-lane_diverging-roads	74612
rudolph-erich-raspe_the-surprising-adventures-of-baron-munchausen	3154
rudyard-kipling_captains-courageous	2186
rudyard-kipling_just-so-stories	32488
rudyard-kipling_kim	2226
rudyard-kipling_the-jungle-book	35997
rufus-king_murder-by-the-clock	75500
s-fowler-wright_the-world-below	76352
s-m-mitra_hindu-tales-from-the-sanskrit	11310
s-s-van-dine_the-benson-murder-case	70634
s-s-van-dine_the-canary-murder-case	70788
s-s-van-dine_the-greene-murder-case	72719
saki_short-fiction	2830
saki_short-fiction	1870
saki_short-fiction	3688
saki_short-fiction	1477
saki_short-fiction	269
samuel-butler-1612-1680_hudibras	4937
samuel-butler_erewhon-revisited	1971
samuel-butler_erewhon	1906
samuel-butler_the-way-of-all-flesh	2084
samuel-johnson_the-history-of-rasselas-prince-of-abyssinia	652
samuel-pepys_the-diary	4200
samuel-r-delany_the-jewels-of-aptor	41981
samuel-richardson_clarissa	9296
samuel-taylor-coleridge_robert-southey_the-fall-of-robespierre	29090
sarah-orne-jewett_the-country-of-the-pointed-firs	367
sax-rohmer_brood-of-the-witch-queen	19706
sax-rohmer_the-insidious-dr-fu-manchu	173
selma-lagerlof_short-fiction_various-translators	14273
selma-lagerlof_short-fiction_various-translators	44630
selma-lagerlof_short-fiction_various-translators	44818
selma-lagerlof_short-fiction_various-translators	41414
selma-lagerlof_the-story-of-gosta-berling_pauline-bancroft-flach	56158
selma-lagerlof_the-wonderful-adventures-of-nils_velma-swanston-howard	10935
sherwood-anderson_winesburg-ohio	416
sigfrid-siwertz_downstream_e-classen	60685
sigrid-undset_jenny_w-emme	60741
sigrid-undset_the-bridal-wreath_charles-archer_j-s-scott	67929
sinclair-lewis_babbitt	1156
sinclair-lewis_main-street	543
solomon-northup_twelve-years-a-slave	45631
sophocles_antigone_francis-storr	31
sophocles_oedipus-at-colonus_francis-storr	31
sophocles_oedipus-rex_francis-storr	31
stanley-g-weinbaum_short-fiction	22893
stanley-g-weinbaum_short-fiction	22890
stanley-g-weinbaum_short-fiction	22895
stanley-g-weinbaum_short-fiction	22897
stanley-g-weinbaum_short-fiction	22301
stanley-g-weinbaum_short-fiction	23731
stanley-g-weinbaum_the-dark-other	50561
stendhal_the-charterhouse-of-parma_c-k-scott-moncrieff	66374
stendhal_the-charterhouse-of-parma_c-k-scott-moncrieff	66375
stephen-crane_the-red-badge-of-courage	73
stephen-leacock_sunshine-sketches-of-a-little-town	3533
sun-tzu_the-art-of-war_lionel-giles	132
t-s-eliot_poetry	1567
t-s-eliot_poetry	1321
tanizaki-junichiro_short-fiction_various-translators	73132
taras-shevchenko_poetry_various-translators	68486
theodore-dreiser_sister-carrie	5267
theodore-dreiser_the-financier	1840
theodore-dreiser_the-titan	3629
theodore-roosevelt_an-autobiography	3335
theodore-roosevelt_the-rough-riders	13000
theodore-roosevelt_through-the-brazilian-wilderness	11746
thomas-a-kempis_the-imitation-of-christ_william-benham	1653
thomas-bulfinch_bulfinchs-mythology	56644
thomas-carlyle_sartor-resartus	20585
thomas-de-quincey_confessions-of-an-english-opium-eater	2040
thomas-de-quincey_suspiria-de-profundis	23788
thomas-de-quincey_suspiria-de-profundis	6359
thomas-hardy_a-pair-of-blue-eyes	224
thomas-hardy_far-from-the-madding-crowd	107
thomas-hardy_jude-the-obscure	153
thomas-hardy_short-fiction	3058
thomas-hardy_short-fiction	3049
thomas-hardy_short-fiction	3047
thomas-hardy_short-fiction	3056
thomas-hardy_tess-of-the-durbervilles	110
thomas-hardy_the-mayor-of-casterbridge	143
thomas-hardy_the-return-of-the-native	122
thomas-hardy_the-woodlanders	482
thomas-hughes_tom-browns-school-days	1480
thomas-love-peacock_nightmare-abbey	9909
thomas-malory_le-morte-darthur	1251
thomas-malory_le-morte-darthur	1252
thomas-mann_bashan-and-i_herman-george-scheffauer	61284
thomas-mann_buddenbrooks_h-t-lowe-porter	72961
thomas-mann_buddenbrooks_h-t-lowe-porter	72962
thomas-paine_essays	31270
thomas-paine_the-age-of-reason	3743
thomas-paine_the-american-crisis	31270
thomas-paine_the-rights-of-man	3742
thornton-w-burgess_green-forest-stories	4670
thornton-w-burgess_green-forest-stories	4979
thornton-w-burgess_green-forest-stories	4698
thornton-w-burgess_green-forest-stories	59282
thornton-w-burgess_green-meadow-stories	13355
thornton-w-burgess_green-meadow-stories	5791
thornton-w-burgess_green-meadow-stories	15168
thornton-w-burgess_green-meadow-stories	4980
thorstein-veblen_the-theory-of-the-leisure-class	833
thucydides_history-of-the-peloponnesian-war_richard-crawley	7142
tom-godwin_the-survivors	22549
tom-taylor_our-american-cousin	3158
ulysses-s-grant_personal-memoirs-of-ulysses-s-grant	4367
upton-sinclair_king-coal	7522
upton-sinclair_oil	70379
upton-sinclair_the-jungle	140
victor-hugo_les-miserables_isabel-f-hapgood	135
victor-hugo_notre-dame-de-paris_isabel-f-hapgood	2610
victor-hugo_toilers-of-the-sea_william-moy-thomas	32338
virgil_the-aeneid_john-dryden	228
virginia-woolf_jacobs-room	5670
virginia-woolf_night-and-day	1245
virginia-woolf_the-voyage-out	144
vladimir-korolenko_short-fiction_various-translators	59497
vladimir-korolenko_short-fiction_various-translators	13437
vladimir-korolenko_short-fiction_various-translators	60256
voltaire_candide_the-modern-library	19942
voltairine-de-cleyre_poetry	43098
voltairine-de-cleyre_short-fiction	43098
w-b-yeats_poetry	49608
w-b-yeats_poetry	32491
w-b-yeats_poetry	36865
w-b-yeats_poetry	49609
w-b-yeats_poetry	49615
w-b-yeats_poetry	49609
w-b-yeats_poetry	32233
w-e-b-du-bois_darkwater	15210
w-e-b-du-bois_the-quest-of-the-silver-fleece	15265
w-e-b-du-bois_the-souls-of-black-folk	408
w-h-hudson_the-purple-land	7132
w-n-p-barbellion_the-journal-of-a-disappointed-man	39585
w-somerset-maugham_of-human-bondage	351
w-somerset-maugham_on-a-chinese-screen	48788
w-somerset-maugham_the-magician	14257
w-somerset-maugham_the-moon-and-sixpence	222
w-somerset-maugham_the-painted-veil	64682
w-w-jacobs_the-lady-of-the-barge	12133
walt-whitman_leaves-of-grass	1322
walter-de-la-mare_memoirs-of-a-midget	39122
walter-de-la-mare_the-return	3075
walter-m-miller-jr_short-fiction	51651
walter-m-miller-jr_short-fiction	58673
walter-m-miller-jr_short-fiction	32837
walter-m-miller-jr_short-fiction	29643
walter-m-miller-jr_short-fiction	32416
walter-m-miller-jr_short-fiction	32775
walter-m-miller-jr_short-fiction	29170
walter-pater_marius-the-epicurean	4057
walter-pater_marius-the-epicurean	4058
walter-s-masterman_the-wrong-letter	70964
walter-scott_ivanhoe	82
walter-scott_waverley	5998
walter-white_the-fire-in-the-flint	69877
washington-irving_the-sketchbook-of-geoffrey-crayon-gent	2048
wilfred-owen_poetry	1034
wilkie-collins_basil	4605
wilkie-collins_man-and-wife	1586
wilkie-collins_no-name	1438
wilkie-collins_the-dead-secret	43092
wilkie-collins_the-haunted-hotel	170
wilkie-collins_the-law-and-the-lady	1622
wilkie-collins_the-moonstone	155
wilkie-collins_the-woman-in-white	583
willa-cather_my-antonia	242
willa-cather_o-pioneers	24
willa-cather_one-of-ours	2369
willa-cather_the-professors-house	65465
willa-cather_the-song-of-the-lark	44
william-beckford_vathek_samuel-henley	42401
william-carlos-williams_poetry	31878
william-carlos-williams_poetry	51997
william-carlos-williams_poetry	35667
william-congreve_the-way-of-the-world	1292
william-craft_ellen-craft_running-a-thousand-miles-for-freedom	585
william-dean-howells_a-hazard-of-new-fortunes	4600
william-dean-howells_indian-summer	7359
william-dean-howells_the-rise-of-silas-lapham	154
william-f-cody_the-life-of-buffalo-bill	10030
william-gerhardie_futility	77253
william-hazlitt_table-talk	3020
william-hope-hodgson_the-house-on-the-borderland	10002
william-hope-hodgson_the-night-land	10662
william-james_a-pluralistic-universe	11984
william-james_pragmatism	5116
william-james_the-varieties-of-religious-experience	621
william-makepeace-thackeray_the-history-of-henry-esmond	2511
william-makepeace-thackeray_the-luck-of-barry-lyndon	4558
william-makepeace-thackeray_vanity-fair	599
william-morris_news-from-nowhere	3261
william-morris_the-house-of-the-wolfings	2885
william-morris_the-roots-of-the-mountains	6050
william-morris_the-sundering-flood	25547
william-morris_the-water-of-the-wondrous-isles	8778
william-morris_the-well-at-the-worlds-end	169
william-morris_the-wood-beyond-the-world	3055
william-shakespeare_a-midsummer-nights-dream	1514
william-shakespeare_edward-iii	1770
william-shakespeare_henry-v	1521
william-shakespeare_john-fletcher_the-two-noble-kinsmen	1542
william-shakespeare_much-ado-about-nothing	1519
william-shakespeare_poetry	100
william-shakespeare_the-comedy-of-errors	1504
william-shakespeare_the-merry-wives-of-windsor	1517
william-wells-brown_clotel	2046
william-wycherley_the-country-wife	55426
winston-churchill_savrola	50906
wladyslaw-reymont_the-peasants_michael-henry-dziewicki	75846
wladyslaw-reymont_the-peasants_michael-henry-dziewicki	76328
wladyslaw-reymont_the-peasants_michael-henry-dziewicki	76330
wladyslaw-reymont_the-peasants_michael-henry-dziewicki	76329
woodrow-wilson_the-new-freedom	14811
xavier-de-maistre_short-fiction_various-translators	62519
yevgeny-zamyatin_we_gregory-zilboorg	61963
yung-wing_my-life-in-china-and-america	54635
zane-grey_betty-zane	1261
zane-grey_riders-of-the-purple-sage	1300
zeami-motokiyo_plays_various-translators	8094
zeami-motokiyo_plays_various-translators	43304
zitkala-sa_american-indian-stories	10376
zitkala-sa_old-indian-legends	338
zofia-nalkowska_women_michael-henry-dziewicki	61618
