projectid	pg_ebook_number	state	title	author	pages_total
projectID3fc3d7d03c613	79063	proj_submit_pgposted	Designs on prehistoric Hopi pottery {R}	Fewkes, Jesse Walter	98
projectID408c1dd9b9318	79369	proj_submit_pgposted	Bell's Cathedrals: Southwell (1898)	Bell's Cathedral Series	138
projectID49869a80942c1	78978	proj_submit_pgposted	The coach horn: what to blow and how to blow it (7th Edition) {P1->P1}	Old Guard (pseudonym)	27
projectID4c4faab3b47a2	79396	proj_submit_pgposted	Life Histories of North American Cuckoos, Goatsuckers, Hummingbirds and Their Allies - Part I	Bent, Arthur Cleveland	292
projectID53e7cec23db22	79064	proj_submit_pgposted	Those about Trench {T1->P1}	Edwin Herbert Lewis 1866-1938	333
projectID5844552f5801c	79330	proj_submit_pgposted	Book review digest, v. 5, 1909	H.W. Wilson Company	1010
projectID5bfdc3b87e7d7	78937	proj_submit_pgposted	Scotland Vol. 1 of 4 (1892), The History of Civilisation in	Mackintosh, John	476
projectID5bfdc3e1493a0	78939	proj_submit_pgposted	Scotland Vol. 2 of 4 (1893), The History of Civilisation in	Mackintosh, John	459
projectID5bfdc3f7260a7	78940	proj_submit_pgposted	Scotland Vol. 3 of 4 (1895), The History of Civilisation in	Mackintosh, John	471
projectID5bfdc4091e596	78941	proj_submit_pgposted	Scotland Vol. 4 of 4 (1896), The History of Civilisation in	Mackintosh, John	536
projectID5ce3bb4460afc	79085	proj_submit_pgposted	Things I Know About Kings, Celebrities, and Crooks	Le Queux, William	350
projectID5d19bdb214911	79129	proj_submit_pgposted	Thorstein of the Mere	Collingwood, W. G.	336
projectID5d20119c29920	78885	proj_submit_pgposted	An Island Garden	Celia Thaxter	185
projectID5dc798788ade0	79041	proj_submit_pgposted	The Zoology of the voyage of H.M.S. Beagle [Vol. 5 of 5]	Darwin, Charles	140
projectID5dd0f5632612c	78657	proj_submit_pgposted	Bransford in Arcadia	Rhodes, Eugene Manlove	243
projectID5e2a9d2282633	79316	proj_submit_pgposted	The Stations of the Cross	Thurston, Herbert	235
projectID5e6dec548a3fb	78721	proj_submit_pgposted	With the Lost Legion in New Zealand	Hamilton-Browne, G.	432
projectID5e9463a203379	78915	proj_submit_pgposted	There Is Confusion	Fauset, Jessie Redmon	297
projectID5e947ffbdb8c7	79084	proj_submit_pgposted	The Law and the Woman	Parry, Edward Abbott	129
projectID5eb6b77f15498	79322	proj_submit_pgposted	The Black Cat (Vol. I, No. 4)	Various	68
projectID5ec94e571536a	78901	proj_submit_pgposted	Books in General	Squire, John Collings	279
projectID5f09fa6d48bb1	79053	proj_submit_pgposted	The Red Gods	d'Esme, Jean	373
projectID5f23c394ae138	78696	proj_submit_pgposted	Hungary and Democracy	Street, Cecil J. C.	211
projectID5f26058369f66	78730	proj_submit_pgposted	Knickerbocker's History of New York : Van Twiller Edition : Volume 2	Irving, Washington, author: Kemble, Edward W. Illustrator	399
projectID5f261fd0baa14	79121	proj_submit_pgposted	In the land of the gods	Bacon, Alice Mabel	287
projectID5f3853f43f4fb	79122	proj_submit_pgposted	The Mouse miller and other stories	Don-Carlos, Cooke	120
projectID5f5f9b40ee07a	78934	proj_submit_pgposted	Under Dewey at Manila	Stratemeyer, Edward [illus. A. B. Shute]	311
projectID5f6e15da7bcb3	78918	proj_submit_pgposted	Senator Fulbright's Secret Memorandum	Bales, James D.	116
projectID5f917af49e169	79072	proj_submit_pgposted	The voter's text book: comprising a collection of the most important documents and statistics connected with the political history of America	Hiatt, James M.	423
projectID5f951c42847dc	79213	proj_submit_pgposted	The natural history of ants	Huber, M. P.	451
projectID5f9f054f45df1	78802	proj_submit_pgposted	The early courts of Pennsylvania	Loyd, William Henry	301
projectID5fa44b0308ca9	79038	proj_submit_pgposted	Fables of Æsop and other eminent mythologists	L'Estrange, Roger	534
projectID5fa97671babcf	78674	proj_submit_pgposted	The English works of Thomas Hobbes of Malmesbury, vol 7 of 11	Hobbes, Thomas	488
projectID5fb93b465aba5	79366	proj_submit_pgposted	The Battles of the Somme	Gibbs, Philip	390
projectID600ea405c39dc	79090	proj_submit_pgposted	First Buckinghamshire Battalion 1914-1919, The	Wright Capt. P.L. D.S.O., M.C.	310
projectID60214f04ef677	78920	proj_submit_pgposted	The Money-Spider	Le Queux, William	370
projectID602ce856921f7	79393	proj_submit_pgposted	James Branch Cabell	Van Doren, Carl	96
projectID603d7d5e04ca0	79089	proj_submit_pgposted	St Baldred of the Bass, a Pictish Legend	Miller, James	426
projectID604e52c556689	79290	proj_submit_pgposted	The fatal marriage;	Southworth, E. D. E. N.	480
projectID605740c77a3f4	78957	proj_submit_pgposted	In the American Jungle [1925-1936]	Frank, Waldo David	339
projectID60579ff9521e3	79198	proj_submit_pgposted	The Medical Aspects of Death, and The Medical Aspects of the Human Mind	Harrison, James Bower	178
projectID605af232d8c23	78811	proj_submit_pgposted	War Medals of the British Army, and how they were won,	Carter, Thomas	725
projectID609bfa0449bdf	78772	proj_submit_pgposted	Dead men's shoes vol. I [1876]	Braddon, M. E.	312
projectID609ec6922f462	78773	proj_submit_pgposted	Dead men's shoes vol. II [1876]	Braddon, M. E.	328
projectID609ec6c0654dd	78774	proj_submit_pgposted	Dead men's shoes vol. III [1876]	Braddon, M. E.	348
projectID60bed8e6d14f3	79164	proj_submit_pgposted	American honey plants	Pellett, Frank Chapman	301
projectID60c5e4cab3392	78986	proj_submit_pgposted	Ralph Waldo Emerson: How to Know Him	Crothers, Samuel McChord	247
projectID60cb22dca3272	78922	proj_submit_pgposted	Is Man a Free Agent: The Law of Suggestion....	Loryea, James H.	260
projectID60cd0275be0de	79274	proj_submit_pgposted	Coffee: Its History, Classification and Description	Walsh, Joseph M.	317
projectID60d4726bbaba5	78884	proj_submit_pgposted	The Looker-On	Le Queux, William	318
projectID60d7b6848530b	79261	proj_submit_pgposted	Under the Yankee Ensign	Barbour, Ralph Henry	352
projectID60da6e0f35953	79319	proj_submit_pgposted	The idyl of the split-bamboo	Holden, George Parker	335
projectID60e8bb8eb8f50	78754	proj_submit_pgposted	The Adventure Club With the Fleet	Barbour, Ralph Henry [illus. Edward C. Caswell]	312
projectID610a79135ca89	79228	proj_submit_pgposted	Ernie Pyle in England	Pyle, Ernest Taylor	242
projectID611a6c05a7327	78846	proj_submit_pgposted	The moors and the fens, Vol. 2 of 3	Trafford, F. G.	327
projectID611e973b9e1fd	79086	proj_submit_pgposted	Three-Base Benson	Barbour, Ralph Henry	291
projectID612850c7a7317	78798	proj_submit_pgposted	The Battle of Harlem Heights	Emmet, Thomas Addis, M.D.	16
projectID6133a0b4ae329	78945	proj_submit_pgposted	Maxwell Drewitt Vol. 1	Trafford, F.G.	328
projectID6133a1c6c9da9	79387	proj_submit_pgposted	Maxwell Drewitt Vol. 2	Trafford, F.G.	312
projectID61549b7b828e2	78789	proj_submit_pgposted	The Book of Talismans, Amulets and Zodiacal Gems	William Thomas & Kate Pavitt	342
projectID615b801fe103e	79027	proj_submit_pgposted	Tolstoy on art	Tolstoy, Leo; Maude, Aylmer, editor	550
projectID615bb00c9e646	78972	proj_submit_pgposted	Figure piping: its methods and uses	Russell, F., M.C.A.	68
projectID61674096e250a	78692	proj_submit_pgposted	Grocers' manual: containing recipes, formulas and instructions for the manufacture of baking powders, flavoring extracts, essences, condiments, etc., in their purity, also their imitations and adulterations.	Anonymous	93
projectID6167baafefdd5	78892	proj_submit_pgposted	The Flying Buccaneer	Binns, Jack	311
projectID616f55a978f38	79255	proj_submit_pgposted	Buffalo Bill's Death Message; or, In the Face of Doom	Ingraham, Prentiss	322
projectID617a05acb9d93	78781	proj_submit_pgposted	The healthy life beverage book	Knaggs, H. Valentine	128
projectID617d4c4d4ae8a	79305	proj_submit_pgposted	The Boer Concentration Camps of Bermuda	Hassell, John A.	27
projectID618e1dda047fa	78921	proj_submit_pgposted	Sacred Symbols in Art	Goldsmith, Elizabeth E.	319
projectID61bb7160bd056	78838	proj_submit_pgposted	Fruits of enterprize exhibited in the adventures of Belzoni in Egypt and Nubia	Wilson, Lucy Sarah Atkins	214
projectID61c67ef78e15c	79091	proj_submit_pgposted	Picture plays	Merington, Marguerite	147
projectID61d34678514ba	78800	proj_submit_pgposted	The six books of Proclus, the Platonic successor, on the theology of Plato (Vol. 2 of 2) [1816]	Proclus	603
projectID61d40a7122e47	79341	proj_submit_pgposted	My Experiences of the War Between France and Germany. Vol. I	Forbes, Archibald	490
projectID61f4ebf03555e	79350	proj_submit_pgposted	Sketches in Bedlam	Anon	358
projectID61f8a50869170	79020	proj_submit_pgposted	The Spoon	Westman, Habbakuk O.	308
projectID621f34b7446cc	79378	proj_submit_pgposted	Oracles of Nostradamus [1891]	Ward, Chas. A.	422
projectID622135813ad40	78801	proj_submit_pgposted	The parlor gardener: a treatise on the house culture of ornamental plants	Randolph, Cornelia J.	179
projectID6223afd8b8fc4	78851	proj_submit_pgposted	Plutarch's Essays and Miscellanies (Vol. 3 of 5) [1911]	Plutarch	532
projectID6234cebeb27a3	79195	proj_submit_pgposted	Abused Russia	Young, Charles Christian	189
projectID625376590dbb6	78973	proj_submit_pgposted	The Children's Kraft Shop	Beard, Adelia Belle	64
projectID625385237dac1	78750	proj_submit_pgposted	Famous Mystery Stories	McSpadden, J. Walker	302
projectID6265ffcaf301a	78827	proj_submit_pgposted	Captain Billy's Whiz Bang April 1922; America's Magazine of Wit, Humor and Filosophy	various	66
projectID62930b71a45bb	78816	proj_submit_pgposted	The Kilima-Njaro expedition. [1886]	Johnston, Harry Hamilton	661
projectID62a57a5d9113f	78854	proj_submit_pgposted	Boot making and mending	Hasluck, Paul N.	160
projectID62af734d25155	79051	proj_submit_pgposted	Atalanta or twelve months in the evening star	Richards, Charles Napier	272
projectID62e173ee993c7	78872	proj_submit_pgposted	The divine and moral songs of Isaac Watts	Stone, Wilbur Macey	97
projectID62e40d920c7f5	79115	proj_submit_pgposted	Books in chains, and other bibliographical papers	Blades, William	272
projectID62f951b9d2aae	78929	proj_submit_pgposted	The pioneer women of the West	Ellet, Elizabeth Fries	434
projectID63003e1c52730	78847	proj_submit_pgposted	As a woman thinks	Harris, Corra	321
projectID63161caf7eafa	78669	proj_submit_pgposted	Memories of my life [1908]	Galton, Francis	392
projectID6338455f5aa13	78736	proj_submit_pgposted	Dethronements: Imaginary Portraits of Political Characters, Done in Dialogue	Housman, Laurence	96
projectID6352c322828fb	78731	proj_submit_pgposted	With Scott [1916]	Taylor, Thomas Griffith	574
projectID63538a7ea9e98	79272	proj_submit_pgposted	The tank in action.	Browne, Douglas Gordon	560
projectID63564c2139a50	78673	proj_submit_pgposted	Kulóskap the Master, and Other Algonkin Poems	Leland, Charles Godfrey & Prince, John Dyneley [translators]	391
projectID635a2a6a50fd5	78902	proj_submit_pgposted	The Waltz of the Dogs	Andreyev, Leonid	147
projectID635b846689d9e	78687	proj_submit_pgposted	The Coming of the Amazons	Johnson, Owen	271
projectID635d2f6868e61	78848	proj_submit_pgposted	Jim Hanvey, Detective	Cohen, Octavus Roy	293
projectID6369c3c4591b6	79092	proj_submit_pgposted	The lavender dragon	Phillpotts, Eden	208
projectID6372733dd3088	78716	proj_submit_pgposted	Sport and science on the Sino-Mongolian frontier [1918]	Sowerby, Arthur de Carle	347
projectID637885d10f22a	78980	proj_submit_pgposted	Stories of the Persian wars	Church, Alfred John	218
projectID639c88078ca55	79047	proj_submit_pgposted	Double Jeopardy	Goldsmith, Martin M.	249
projectID63a518508f738	78818	proj_submit_pgposted	Louisa May Alcott, the children's friend	Cheney, Ednah Dow	59
projectID63a5e627b8f7c	78803	proj_submit_pgposted	Jenny Lind the artist, 1820-1851	Holland, Henry Scott	502
projectID63aebe2841066	79238	proj_submit_pgposted	With the German armies in the West [1915]	Hedin, Sven Anders	542
projectID63b4e1e68a96d	79276	proj_submit_pgposted	Anthology of Russian literature from the earliest period to the present time, vol. 2	Wiener, Leo	521
projectID63d812d70799f	79088	proj_submit_pgposted	A prisoner of the Reds [1921]	McCullagh, Francis.	380
projectID63d85a522ca1f	78796	proj_submit_pgposted	The crown jewels of England	Younghusband, G. J.; Davenport, Cyril	134
projectID6401b235539dd	79139	proj_submit_pgposted	The library of Photius (Vol. 1 of 1) [1920]	Photius	272
projectID6415fed521aa5	78936	proj_submit_pgposted	The Eighteen Nineties: A Review of Art and Ideas at the Close of the Nineteenth Century	Jackson, Holbrook	364
projectID6425be32e5169	79079	proj_submit_pgposted	Life in Hawaii. [1882]	Coan, Titus	351
projectID64362013dc978	78917	proj_submit_pgposted	The adventures of a donkey	Ségur, Sophie	285
projectID6439ebda1461d	79371	proj_submit_pgposted	Saint Mungo's city, vol. 1	Tytler, Sarah	321
projectID643ab41f2b9e6	79372	proj_submit_pgposted	Saint Mungo's city, vol. 2	Tytler, Sarah	319
projectID643eab65b2c4f	79373	proj_submit_pgposted	Saint Mungo's city, vol. 3	Tytler, Sarah	328
projectID6444e503f11ce	78770	proj_submit_pgposted	On trail and rapid by dog-sled & canoe [1912]	Cody, Hiram Alfred	253
projectID6451031a6923e	78748	proj_submit_pgposted	Four Plays	Milne, A. A.	272
projectID6463d75c75170	79398	proj_submit_pgposted	The works of Plato (Vol. 2 of 6) [1849]	Plato	467
projectID647e0ad783817	79056	proj_submit_pgposted	The German Arctic expedition of 1869-70 [1874]	Koldewey, Karl	671
projectID6489c4e9d4e74	79004	proj_submit_pgposted	The Life of John Eliot	Adams, Nehemiah	324
projectID6489f50c6b654	78946	proj_submit_pgposted	Glimpses of Japan and Formosa	Franck, Harry Alverson	305
projectID6491e60e8e8e6	79183	proj_submit_pgposted	The Japanese empire	Franck, Harry Alverson	259
projectID6491e911978ac	79021	proj_submit_pgposted	Mexico and Central America	Franck, Harry Alverson	288
projectID649321d768a25	78953	proj_submit_pgposted	China	Franck, Harry Alverson	260
projectID64a479f51ce5b	78741	proj_submit_pgposted	The royal mint	Ansell, George Frederick	237
projectID64b6ce17e9084	78675	proj_submit_pgposted	"Magyarland", vol. II [1881]	Mazuchelli, Elizabeth Sarah	325
projectID64bc4aa085f85	78831	proj_submit_pgposted	Old violins	Haweis, H. R.	320
projectID64cbdc6747603	79361	proj_submit_pgposted	History of flagellation among different nations	Anonymous	135
projectID64cbe124766d7	78950	proj_submit_pgposted	Illustrated catalogue of the historical and world-renowned collection of torture instruments, etc., from the royal castle of Nuremberg ...	Ichenhäuser, Julius D	98
projectID64f752fd000e3	79273	proj_submit_pgposted	Russian life and society as seen in 1866-'67	Appleton, Nathan	296
projectID6500a743e5eb8	78829	proj_submit_pgposted	The great Siberian railway [1904]	Clark, Francis Edward	395
projectID650104c60a5a1	79275	proj_submit_pgposted	Mexico: a history of its progress and development in one hundred years	Wright, Marie Robinson	519
projectID65045b2cec551	78797	proj_submit_pgposted	The North Atlantic telegraph via the Færöe Isles, Iceland, and Greenland	The Royal Geographical Society of Great Britain	96
projectID65045ec2a5d55	79060	proj_submit_pgposted	From England to Iceland; A Summer Trip to the Arctic Circle	Sim, George Charles	151
projectID6516d7708ce0a	79104	proj_submit_pgposted	Historic buildings of America as seen and described by famous writers	Singleton, Esther	451
projectID651aab6848ed2	78891	proj_submit_pgposted	Further memoirs of the Whig party	Holland, Henry Richard Vassall	466
projectID651b1af9b4cf5	79331	proj_submit_pgposted	The dream-maker man	Lea, Fanny Heaslip	335
projectID6539627c06089	79395	proj_submit_pgposted	In the Klondyke [1899]	Palmer, Frederick	279
projectID654f9c263a5aa	78806	proj_submit_pgposted	A plan for improving female education	Willard, Emma	39
projectID655b98fce74c6	79039	proj_submit_pgposted	The manliness of Christ	Hughes, Thomas	272
projectID656e21c1e73b8	78991	proj_submit_pgposted	Moxon's mechanick exercises (volume 2 of 2)	Moxon, Joseph	258
projectID657550412c8dc	79365	proj_submit_pgposted	In a German colony [1909]	Pullen-Burry, B.	312
projectID657e0bfb33ef6	78849	proj_submit_pgposted	A calendar of dinners, with 615 recipes	Neil, Marion Harris	321
projectID65832f6fc0f3b	79045	proj_submit_pgposted	Wings of youth	Buckley, Nancy	68
projectID65ab7f65ddcfc	78663	proj_submit_pgposted	The whistle	Franklin, Benjamin	11
projectID65c03018e2eaf	78744	proj_submit_pgposted	Specimens of the Russian poets, vol. 1	Bowring, Sir John	276
projectID65c10d77eec1e	78745	proj_submit_pgposted	Specimens of the Russian poets, vol. 2	Bowring, Sir John	300
projectID65e44031ded47	78977	proj_submit_pgposted	Symbolism, Its Meaning and Effect [1927]	Whitehead, Alfred North	100
projectID66242527771de	78729	proj_submit_pgposted	Michael Fairless: Her Life and Writings	Palmer, W. Scott and Haggard, A. M.	149
projectID663989b5dea68	78874	proj_submit_pgposted	Miss Polly Wiggles	Davis, Edna Clark; Greene, Julia, illustrator	346
projectID6644d7736baab	78894	proj_submit_pgposted	The education of the women of India	Cowan, Minna G.	285
projectID6647dd9fc7153	78966	proj_submit_pgposted	A short history of medicine, introducing medical principles to students and non-medical readers	Singer, Charles	402
projectID664f668c85197	78896	proj_submit_pgposted	A fifth day in Mary Carrow's school	American Sunday-School Union	105
projectID665d0630f2d6a	79218	proj_submit_pgposted	Eyes that cannot see	Gnudtzmann, Albert	50
projectID666e213515aa3	79231	proj_submit_pgposted	Judge Ben B. Lindsey on the child--the movie--and censorship.	Lindsey, Ben B.	16
projectID667043307956f	79061	proj_submit_pgposted	Glimpses into Plant-life [1897]	Brightwen, Eliza	352
projectID667fc231b44b9	79059	proj_submit_pgposted	The Generals of the Last War with Great Britain [1849]	Jenkins, John Stilwell	421
projectID668116dba8762	78944	proj_submit_pgposted	The Canadian View of the Alaskan Boundary Dispute [1899]	Mills, David	23
projectID66812847b47f7	78889	proj_submit_pgposted	Observations on the geology, zoology and botany of Hudson's Strait and Bay, made in 1885	Bell, Robert	33
projectID66896887eced0	79344	proj_submit_pgposted	The Eternal Laughter and Other Poems [1903]	Burgess, W. Starling	149
projectID66a04cbbf1f6a	78702	proj_submit_pgposted	Archways of life	de Acosta, Mercedes	61
projectID66a178f9a3b96	79277	proj_submit_pgposted	Moods (prose poems)	de Acosta, Mercedes	51
projectID66abf93e9ef70	78956	proj_submit_pgposted	Culture's garland	Field, Eugene	339
projectID66b4e51dbe3af	78951	proj_submit_pgposted	Women in the factory	Anderson, Adelaide Mary	330
projectID66beddd2314e4	79177	proj_submit_pgposted	Problems in astrophysics	Clerke, Agnes M.	645
projectID66eb285b27be1	78710	proj_submit_pgposted	In doors and out; or, Views from the chimney corner	Optic, Oliver	343
projectID6714e7ba25242	78724	proj_submit_pgposted	Six months in America. Vol. 1 of 2	Vigne, Godfrey Thomas	287
projectID671cd7eccb19a	78876	proj_submit_pgposted	Two English queens and Philip	Hume, Martin A. S.	543
projectID671da35d80adc	79182	proj_submit_pgposted	The life-story of a Russian exile	Sukloff, Marie	261
projectID671f2fa87d007	79242	proj_submit_pgposted	The price of salt	Morgan, Claire	255
projectID6720f0bb13681	78780	proj_submit_pgposted	The marriage	Bannon, Ann	192
projectID672240f1380d5	79057	proj_submit_pgposted	Beebo Brinker	Bannon, Ann	208
projectID6722a2ac3d26e	78684	proj_submit_pgposted	Some Nigerian fertility cults	Talbot, Percy Amaury	182
projectID6727b97720409	79050	proj_submit_pgposted	Slips of tongue and pen	Long, J. H. [John Henry]	121
projectID67343e168d7bd	78809	proj_submit_pgposted	More secret remedies--what they cost and what they contain	British Medical Association	307
projectID673cd4c091c6a	79013	proj_submit_pgposted	Spring fire	Packer, Vin	186
projectID6741cc96e9016	78658	proj_submit_pgposted	Pompeii	Engelmann, Richard	119
projectID6743882c91aa0	78728	proj_submit_pgposted	Brasses	Ward, J. S. M.	172
projectID674618d8ac147	79076	proj_submit_pgposted	How to keep bees	Comstock, Anna Botsford	281
projectID6764fa6501c4c	79380	proj_submit_pgposted	Collected poems of Alice Meynell	Meynell, Alice	120
projectID67657a56ec0f1	78873	proj_submit_pgposted	Clendenen's detective manual	Clendenen, Rufus Howard.	219
projectID6768aa3df249f	78746	proj_submit_pgposted	Sweden; through the artist's eye	Laurin, Carl G.	62
projectID6768b9cfe785b	78758	proj_submit_pgposted	Six months in America. Vol. 2 of 2	Vigne, Godfrey Thomas	284
projectID676addf5e1395	79363	proj_submit_pgposted	Poems	Blake, William; Introduction by Meynell, Alice	245
projectID67742d057484d	78958	proj_submit_pgposted	American root drugs	Henkel, Alice	94
projectID677581234eac1	79224	proj_submit_pgposted	Practical podiatry	Joseph, Alfred; Burnett, E. K.; Gross, Reuben H.	479
projectID6778e8b8c552d	78949	proj_submit_pgposted	The second person singular, and other essays	Meynell, Alice	142
projectID677c9c82f3d25	78947	proj_submit_pgposted	The poems of Thomas Gordon Hake	Hake, Thomas Gordon	181
projectID677ef84e66ede	78708	proj_submit_pgposted	The burning of Chelsea	Pratt, Walter Merriam.	213
projectID678006530b3c1	79143	proj_submit_pgposted	The poetry of pathos & delight	Patmore, Coventry	154
projectID67840fcd42330	78799	proj_submit_pgposted	The kitchen garden and the cook	Pearse, Cecilia Maria	292
projectID67950facae24a	78952	proj_submit_pgposted	Flower legends for children	Murray, Hilda	70
projectID6797a18216400	79354	proj_submit_pgposted	How not to be a wallflower	Woodworth, John	64
projectID67a80fde44d34	78722	proj_submit_pgposted	The toll-keepers and other stories for the young	Clarke, Benjamin	98
projectID67ab737391ded	79207	proj_submit_pgposted	Number one Joy street	Various	252
projectID67ada216248c9	79150	proj_submit_pgposted	Number two Joy street	Various	250
projectID67af827499fb9	79304	proj_submit_pgposted	What to do in cases of accidents and emergencies	Lawrence, Joseph B.	139
projectID67b1ef7719fb8	79015	proj_submit_pgposted	The heart of an orphan	Chase, Amanda Mathews	174
projectID67ba37cba77b8	78804	proj_submit_pgposted	Studies of chess; containing Caïssa, a poem	Jones, William & Philidor, F. D. & Pratt, Peter	560
projectID67bf88cb7a1df	79110	proj_submit_pgposted	Wild medicinal plants of the United States	Henkel, Alice	76
projectID67d1b23c7c642	79337	proj_submit_pgposted	Number three Joy street	Various	250
projectID67ef01a6c5ed9	79234	proj_submit_pgposted	Two lectures introductory to the study of poetry	Beeching, H. C.	61
projectID680667ca78f0c	79130	proj_submit_pgposted	Thorns of regret; or, His brother's wife	Miller, Alex. McVeigh, Mrs.	320
projectID6808f89399a36	79172	proj_submit_pgposted	The Stone Age	Wood, Clement	62
projectID680bd16933ecb	79203	proj_submit_pgposted	Key to palmistry	Williams, Louis	32
projectID6814e35a6b014	79154	proj_submit_pgposted	The green overcoat	Belloc, Hilaire	334
projectID681609e70fe3a	78905	proj_submit_pgposted	Model yachts and model yacht sailing	Walton, James E.	102
projectID682b81a232008	78830	proj_submit_pgposted	On yacht etiquette	Patterson, Howard	97
projectID682f8aaccdcc7	79269	proj_submit_pgposted	The haunted house	Belloc, Hilaire	319
projectID6842d82992dbc	78988	proj_submit_pgposted	How to become mentally superior	Le Chatelier, Henry M.	32
projectID68462b8165a4b	78747	proj_submit_pgposted	The blacker the berry: a novel of negro life [1929]	Thurman, Wallace	264
projectID6847613b86a69	79257	proj_submit_pgposted	The Sun virgin [1929]	Dixon, Thomas	306
projectID68540ed9339e4	78996	proj_submit_pgposted	Psychology for beginners	Carrington, Hereward	61
projectID686193a0b3e79	79325	proj_submit_pgposted	Thoughts of a fool	Gladys, Evelyn [pseud. Kuehn, Herman]	260
projectID68658d72319cb	79010	proj_submit_pgposted	A book of European statistics	Markun, Leo	32
projectID68658fb9bdc7d	79200	proj_submit_pgposted	How to read and correct proof	Smith, Lloyd E.	32
projectID68683eff293db	78983	proj_submit_pgposted	What you should know about your sensations	Adams, Grace Kinckle	31
projectID686d84456c30d	78694	proj_submit_pgposted	The humor of "Bill" Nye	Nye, Bill	60
projectID687fa33eaf9c6	78927	proj_submit_pgposted	Strange marriage customs	Markun, Leo	32
projectID688e5e5fcf48b	78883	proj_submit_pgposted	The man from the river	Cole, G. D. H.; Cole, Margaret	308
projectID6894d64089588	79114	proj_submit_pgposted	Adventures of a donkey	Argus, Arabella	254
projectID6897614e6c502	78779	proj_submit_pgposted	Dark Hester	Sedgwick, Anne Douglas	304
projectID68a1f5977ef5f	79018	proj_submit_pgposted	Outline of Mexican popular arts and crafts [1922]	Porter, Katherine Anne	56
projectID68a7b417c11d6	78778	proj_submit_pgposted	The fifteen cells	Martin, Stuart	336
projectID68a86e26d4714	78919	proj_submit_pgposted	In camp and kitchen	Yates, Lucy H.	128
projectID68abc81304cd5	79159	proj_submit_pgposted	Jane Eyre: a drama in five acts. Adapted from Charlotte Brontë's novel by John Brougham [1856]	Brougham, John	36
projectID68ae09147dae9	79248	proj_submit_pgposted	A scarlet poppy, and other stories	Spofford, Harriett Prescott	287
projectID68b1a4a2b3830	79216	proj_submit_pgposted	Criminals	Middleton, George	55
projectID68b4448db95fc	78814	proj_submit_pgposted	Absenteeism	Morgan, Lady (Sydney)	188
projectID68bae4f45b359	78768	proj_submit_pgposted	The terrible meek	Kennedy, Charles Rann	53
projectID68bc7c5178eb2	78682	proj_submit_pgposted	The lily of Mordaunt	Sheldon, Georgie, Mrs.	292
projectID68cd8bd790a52	78962	proj_submit_pgposted	The Bible, should it be in the school room?	Steiner, Franklin	61
projectID68d027c6d32c2	79026	proj_submit_pgposted	The enterprising burglar	Balfour, Hearnden	315
projectID68d028b8ad177	78989	proj_submit_pgposted	The facts about rejuvenation	Fishbein, Morris	32
projectID68d283095a17f	79019	proj_submit_pgposted	The Poetical Works of Edgar Allan Poe (1858)	Edgar Allan Poe	376
projectID68e337f925d55	79171	proj_submit_pgposted	The Little Review: 1917/10 (Vol. 4, No. 6)	Anderson, Margaret C. (Ed.)	52
projectID68eaadbec1ca3	78985	proj_submit_pgposted	An introduction to philology	Wood, Clement	63
projectID68f01105d8245	78965	proj_submit_pgposted	Orthodoxy	Putnam, Nina Wilcox	47
projectID69027d8333570	78812	proj_submit_pgposted	Shadowed by a detective; or, The woman in wax	Champlin, Virginia	282
projectID6904bd9bc9ee7	78879	proj_submit_pgposted	Animals of ancient lands	Fenton, Carroll Lane	64
projectID6904bf671a7cf	79206	proj_submit_pgposted	The death of a millionaire	Cole, G. D. H.; Cole, Margaret	391
projectID690bf1e952ef1	79321	proj_submit_pgposted	Clare Abbey; or the trials of youth (vol. 1 of 2)	Ponsonby, Emily Charlotte Mary	314
projectID690de46b07181	78711	proj_submit_pgposted	Where the young child was	Oemler, Marie Conway	264
projectID690e13bd9e592	78938	proj_submit_pgposted	Over the Falls (1902)	Taylor, Annie Edson	16
projectID6914d765e9170	78906	proj_submit_pgposted	How to conquer stupidity	Markun, Leo	64
projectID6915d4d586120	79012	proj_submit_pgposted	The wolves and the lamb	Fletcher, J. S.	319
projectID691670bcd4af8	79324	proj_submit_pgposted	Clare Abbey; or the trials of youth (vol. 2 of 2)	Ponsonby, Emily Charlotte Mary	332
projectID69179731b6949	79124	proj_submit_pgposted	The best jokes about preachers	Milburn, George	64
projectID691799282c3ab	79263	proj_submit_pgposted	Our insect enemies	Randolph, Vance	64
projectID691cf5f9a8a12	78755	proj_submit_pgposted	Crack o' dawn	Davis, Fannie Stearns	116
projectID692464674e66f	78898	proj_submit_pgposted	100 professions for women	Van Deventer, Betty	64
projectID69287386e7f4f	79055	proj_submit_pgposted	The place called Dagon	Gorman, Herbert	313
projectID6939d320d854b	79160	proj_submit_pgposted	The man in the dark	Ferguson, John	313
projectID6939d5478964a	79125	proj_submit_pgposted	Best jokes of 1927	Roselle, Aubrey C.	62
projectID6945dba84d34c	78688	proj_submit_pgposted	The contrast (vol. 1 of 3)	Phipps, Constantine Henry	294
projectID69506eee5b067	78686	proj_submit_pgposted	Jack Brag (vol. 1 of 3)	Hook, Theodore Edward	315
projectID6952c8634d86a	78652	proj_submit_pgposted	A fisher girl of France	Calmettes, Fernand	331
projectID6952d8e9799cd	78839	proj_submit_pgposted	Bread and cake baking	Hauptmann, Frederick D.	68
projectID69552b98c1777	79270	proj_submit_pgposted	What you should know about palmistry	Markun, Leo	64
projectID6955e9dcb9a72	78974	proj_submit_pgposted	Whalers and whaling	Chatterton, E. Keble	256
projectID69565d996c992	79093	proj_submit_pgposted	Cape Cod; its people and their history	Kittredge, Henry Crocker	387
projectID6957f7c485523	78762	proj_submit_pgposted	Van Zorn	Robinson, Edwin Arlington	181
projectID6959abf4bf0d2	78689	proj_submit_pgposted	The contrast (vol. 2 of 3)	Phipps, Constantine Henry	259
projectID695e94315f018	79283	proj_submit_pgposted	Mata Hari	Coulson, Thomas	325
projectID6966120ed7220	78709	proj_submit_pgposted	Jack Brag (vol. 2 of 3)	Hook, Theodore Edward	328
projectID696ec323e8d3b	78690	proj_submit_pgposted	The contrast (vol. 3 of 3)	Phipps, Constantine Henry	249
projectID697ac260ab94f	78878	proj_submit_pgposted	Jack Brag (vol. 3 of 3)	Hook, Theodore Edward	340
projectID697ebb2e82418	78733	proj_submit_pgposted	The master of destiny: a biography of the brain	Tilney, Frederick	357
projectID6982598c1983a	79210	proj_submit_pgposted	Miss Mole	Young, E.H.	352
projectID6993392fab3b5	78823	proj_submit_pgposted	The French powder mystery	Queen, Ellery	332
projectID6994d12c64940	79229	proj_submit_pgposted	Garram the hunter: a boy of the hill tribes	Herbert Best	344
projectID69a35d0517954	78913	proj_submit_pgposted	The rise and fall of the mustache	Burdette, Robert J.	349
projectID69a663dbc6925	79080	proj_submit_pgposted	Curiosa mathematica, part II: pillow-problems thought out during wakeful hours {F2 skipped}	Dodgson, Charles Lutwidge	135
projectID69a7ae84cf684	78743	proj_submit_pgposted	Harmonium	Stevens, Wallace	140
projectID69bd67857b182	78664	proj_submit_pgposted	The adventures of Pony Dexter	Cheever, Harriet A. (Anna)	96
projectID69c1524e674df	79196	proj_submit_pgposted	Robert Louis Stevenson reader	Bryce, Catherine T.	96
projectID69c2fb9ce6d62	79370	proj_submit_pgposted	Ryzon Baking Book (1917)	Neil, Marion Harris	134
projectID69c56eaa8a1f7	79345	proj_submit_pgposted	Stories of adventure	Hale, Edward E. (Everett)	356
projectID69c9c049c1152	79388	proj_submit_pgposted	The two brothers (vol. 1 of 3)	Ponsonby, Emily Charlotte Mary	314
projectID69d16553de4c9	78969	proj_submit_pgposted	A lovers' tale	Hewlett, Maurice	310
projectID69dc3c30e756b	79389	proj_submit_pgposted	The two brothers (vol. 2 of 3)	Ponsonby, Emily Charlotte Mary	280
projectID69e49aa46fcfd	79390	proj_submit_pgposted	The two brothers (vol. 3 of 3)	Ponsonby, Emily Charlotte Mary	280
projectID69f0ec8ac1275	79327	proj_submit_pgposted	French fairy tales	Cary, M.	308
projectID69f9e7a7d2536	79351	proj_submit_pgposted	Naked Holiday	Elliott, Don	195
projectID69f9e8f48c14c	79382	proj_submit_pgposted	Party girl	Elliott, Don	195
projectID69fc028942c44	79181	proj_submit_pgposted	Chemistry: developed by facts and principles drawn chiefly from the non-metals	Appleton, John Howard	262
projectID6a0d88ea871a2	79400	proj_submit_pgposted	The greatest adventure	Taine, John	257
projectID6a780b7294bd4	79394	proj_submit_pgposted	First poems	Pitter, Ruth	56
